id,Seismic_Mag,Radiation_uSv,Comms_State,AOI_Hit
1,4.89,4.25,Down,False
2,1.64,1.91,Burst,True
3,1.53,9.21,Burst,True
4,1.24,8.75,Burst,True
5,3.88,4.77,Down,True
6,0.39,6.88,Burst,False
7,2.39,4.77,Burst,False
8,5.89,8.53,Burst,False
9,3.48,4.08,Silence,False
10,5.79,6.7,Normal,False
11,2.98,8.17,Normal,False
12,2.32,2.1,Down,True
13,3.01,0.4,Silence,True
14,5.95,3.71,Burst,False
15,3.04,2.31,Normal,False
16,0.47,4.27,Normal,False
17,1.94,1.41,Down,False
18,2.9,8.66,Normal,False
19,4.27,1.86,Normal,False
20,2.92,9.93,Normal,True
21,0.29,8.46,Normal,True
22,5.85,4.89,Down,True
23,2.22,9.85,Normal,True
24,1.54,8.14,Down,True
25,2.69,4.59,Silence,True
26,1.04,8.11,Burst,True
27,4.65,8.12,Burst,True
28,3.33,2.34,Down,False
29,0.12,0.38,Normal,True
30,5.88,6.34,Normal,False
31,3.01,2.69,Burst,False
32,1.36,1.64,Down,True
33,5.57,2.99,Down,False
34,0.84,3.09,Down,True
35,5.5,5.15,Burst,True
36,4.31,3.57,Down,True
37,2.99,2.76,Down,True
38,4.89,2.17,Burst,False
39,0.69,3.94,Down,True
40,3.28,1.1,Silence,False
41,2.67,7.72,Normal,True
42,3.3,9.15,Normal,False
43,4.91,9.53,Down,False
44,0.9,5.74,Burst,True
45,3.75,0.88,Burst,True
46,5.6,1.8,Down,True
47,1.61,5.4,Silence,False
48,3.33,4.26,Burst,False
49,2.09,6.92,Silence,False
50,1.65,5.84,Down,False
51,2.38,2.17,Burst,False
52,5.1,7.93,Burst,False
53,0.2,1.95,Normal,False
54,1.99,1.27,Burst,False
55,2.46,5.15,Down,True
56,2.85,6.68,Silence,False
57,0.16,3.77,Burst,False
58,4.62,1.57,Down,True
59,5.94,9.64,Down,False
60,3.74,2.87,Silence,True
61,0.79,1.87,Normal,True
62,0.54,9.7,Silence,False
63,5.68,6.23,Down,True
64,4.66,1.7,Silence,True
65,3.75,3.61,Down,False
66,1.26,1.11,Normal,True
67,1.59,9.73,Burst,True
68,3.39,4.36,Normal,True
69,2.25,7.23,Silence,True
70,5.05,8.16,Silence,False
71,4.97,6.4,Silence,False
72,0.45,0.61,Silence,False
73,5.45,8.71,Burst,False
74,2.02,6.36,Normal,False
75,2.4,7.99,Burst,False
76,2.86,5.51,Normal,False
77,3.82,6.07,Down,False
78,1.78,4.41,Silence,False
79,3.34,9.9,Down,False
80,1.93,5.96,Normal,False
81,4.86,0.14,Silence,False
82,5.65,4.13,Silence,False
83,2.06,5.18,Down,True
84,3.55,6.36,Down,True
85,3.39,1.12,Down,True
86,0.13,3.26,Normal,True
87,5.5,2.11,Normal,True
88,5.81,4.32,Silence,False
89,0.48,5.22,Silence,False
90,0.97,8.87,Normal,True
91,2.39,6.72,Silence,False
92,4.09,3.26,Normal,True
93,3.73,6.16,Silence,True
94,4.81,3.53,Burst,True
95,1.36,9.29,Silence,False
96,2.29,7.74,Silence,True
97,3.05,2.78,Down,True
98,1.83,9.73,Silence,False
99,4.63,5.58,Burst,True
100,5.98,9.15,Silence,True
101,1.86,8.56,Normal,True
102,4.78,7.69,Normal,True
103,4.5,3.18,Silence,False
104,3.72,2.63,Burst,False
105,5.64,4.91,Down,False
106,4.8,6.2,Down,True
107,1.8,5.78,Silence,False
108,3.92,5.12,Silence,True
109,2.88,0.46,Down,True
110,3.17,8.27,Silence,False
111,0.86,3.86,Burst,True
112,1.2,8.0,Burst,False
113,3.74,0.18,Silence,True
114,2.05,2.77,Normal,False
115,2.17,9.21,Burst,False
116,5.2,6.85,Burst,False
117,4.92,6.67,Down,False
118,1.49,1.28,Normal,True
119,0.17,0.33,Down,False
120,2.8,7.58,Normal,True
121,0.71,7.28,Normal,False
122,0.28,8.89,Burst,True
123,3.31,8.0,Silence,True
124,4.2,8.62,Normal,True
125,3.75,6.23,Burst,False
126,4.09,8.62,Normal,True
127,2.41,6.72,Silence,True
128,0.87,4.65,Silence,False
129,3.61,9.38,Normal,True
130,5.9,6.53,Burst,True
131,5.79,5.05,Burst,True
132,0.12,2.01,Silence,True
133,1.39,2.43,Normal,False
134,1.8,10.0,Down,True
135,4.81,9.16,Silence,True
136,4.28,7.11,Down,False
137,0.8,6.8,Down,False
138,5.73,1.57,Silence,False
139,0.08,0.18,Burst,False
140,2.36,0.79,Burst,False
141,1.42,8.23,Burst,False
142,3.53,7.1,Silence,True
143,0.19,6.54,Silence,False
144,0.64,5.06,Down,True
145,2.89,1.91,Normal,False
146,3.59,1.21,Down,True
147,0.21,9.91,Burst,True
148,4.91,7.67,Down,False
149,2.85,4.33,Silence,True
150,2.34,4.92,Silence,False
151,4.5,5.94,Down,True
152,4.0,5.93,Down,True
153,3.55,9.95,Silence,True
154,2.28,8.8,Down,True
155,4.3,3.16,Silence,False
156,2.98,8.59,Down,True
157,4.61,0.32,Silence,False
158,4.61,5.65,Down,False
159,5.98,3.54,Down,True
160,3.34,4.19,Silence,False
161,3.92,1.71,Normal,True
162,2.16,0.05,Down,False
163,5.21,8.61,Burst,True
164,1.87,7.52,Down,False
165,2.7,0.29,Burst,True
166,5.02,5.66,Normal,True
167,4.79,5.26,Burst,True
168,3.23,5.75,Normal,False
169,5.33,1.48,Burst,False
170,1.6,6.69,Down,True
171,5.96,1.04,Burst,True
172,4.23,7.79,Burst,True
173,3.3,6.18,Down,True
174,4.3,7.16,Silence,True
175,1.12,7.08,Down,False
176,4.69,1.84,Burst,False
177,0.98,5.37,Burst,True
178,3.18,0.28,Down,False
179,4.72,4.18,Silence,True
180,4.01,0.45,Down,True
181,5.07,3.76,Normal,True
182,5.19,6.86,Normal,True
183,2.33,3.63,Down,True
184,4.84,0.91,Silence,False
185,5.22,2.3,Down,False
186,4.99,8.67,Silence,False
187,1.07,1.6,Normal,True
188,5.0,3.53,Down,True
189,3.86,0.49,Burst,True
190,1.85,0.05,Silence,False
191,1.16,6.59,Burst,False
192,5.28,2.77,Normal,False
193,1.53,8.91,Down,False
194,0.41,7.39,Burst,True
195,4.74,9.46,Down,False
196,1.51,8.45,Normal,False
197,3.55,3.32,Silence,True
198,2.84,0.27,Burst,True
199,4.85,3.69,Down,True
200,3.68,6.81,Silence,True
201,2.65,0.31,Silence,False
202,0.32,0.72,Down,True
203,1.38,8.75,Down,True
204,3.75,4.63,Down,False
205,4.32,5.56,Burst,False
206,4.72,6.32,Normal,True
207,4.18,1.71,Burst,True
208,0.54,9.15,Burst,False
209,4.74,4.39,Down,False
210,1.17,9.2,Normal,False
211,5.74,2.63,Normal,False
212,0.28,8.12,Silence,False
213,3.32,1.58,Burst,True
214,2.59,4.22,Down,False
215,4.24,4.2,Down,True
216,2.97,0.08,Silence,True
217,3.41,4.6,Burst,False
218,0.56,5.13,Burst,False
219,3.68,5.66,Normal,True
220,2.75,0.85,Down,True
221,0.96,9.04,Down,True
222,4.92,0.5,Burst,False
223,2.11,9.23,Burst,False
224,4.29,0.51,Normal,True
225,1.3,5.69,Burst,False
226,2.2,8.08,Burst,True
227,4.54,5.57,Silence,True
228,1.37,5.31,Down,False
229,2.82,6.52,Down,False
230,5.76,2.75,Silence,False
231,2.77,1.82,Silence,True
232,3.4,9.16,Down,False
233,4.6,4.62,Down,True
234,1.44,9.51,Silence,True
235,3.9,3.56,Burst,False
236,4.53,1.73,Down,True
237,1.05,1.71,Burst,True
238,3.24,8.06,Burst,True
239,1.29,9.96,Silence,True
240,2.78,6.04,Silence,False
241,1.97,2.13,Normal,True
242,3.09,4.62,Burst,True
243,2.04,8.11,Normal,False
244,5.03,7.56,Silence,True
245,4.1,0.34,Down,True
246,2.46,7.39,Silence,True
247,4.4,2.35,Down,True
248,1.4,2.6,Silence,False
249,3.76,4.36,Down,False
250,0.38,3.38,Down,False
251,2.42,5.71,Silence,False
252,2.16,3.78,Silence,True
253,3.45,5.84,Down,True
254,3.27,8.0,Silence,False
255,3.67,2.69,Burst,True
256,2.27,6.66,Silence,False
257,4.62,9.93,Silence,True
258,0.24,4.28,Burst,False
259,0.32,9.63,Burst,False
260,5.87,6.25,Normal,False
261,4.95,7.4,Burst,True
262,5.94,0.81,Silence,True
263,5.33,3.97,Down,True
264,3.73,7.74,Normal,True
265,0.62,5.86,Normal,True
266,0.72,4.63,Burst,True
267,5.95,5.59,Normal,False
268,0.3,1.71,Normal,True
269,2.1,4.57,Down,False
270,2.71,8.01,Down,False
271,4.37,5.12,Normal,False
272,2.36,1.95,Silence,True
273,5.21,5.28,Burst,True
274,4.0,2.04,Silence,False
275,5.98,7.16,Down,False
276,0.99,9.91,Burst,False
277,0.02,7.86,Normal,True
278,1.44,6.56,Down,False
279,1.82,5.79,Silence,False
280,2.66,5.42,Burst,False
281,4.72,9.2,Normal,True
282,5.26,5.3,Down,False
283,2.14,1.16,Normal,True
284,1.44,7.75,Down,False
285,2.09,0.68,Down,False
286,5.46,8.11,Down,True
287,0.37,5.09,Down,False
288,2.94,8.81,Silence,False
289,2.74,9.77,Normal,False
290,0.8,5.32,Down,True
291,3.74,7.32,Burst,False
292,1.65,0.16,Normal,False
293,5.93,8.26,Silence,False
294,3.28,8.01,Silence,False
295,4.12,7.94,Silence,True
296,5.86,3.86,Silence,True
297,2.35,9.16,Down,True
298,0.31,7.23,Normal,False
299,1.96,3.66,Normal,True
300,1.62,7.02,Silence,True
301,2.07,3.22,Normal,True
302,5.12,6.27,Down,False
303,2.76,1.95,Silence,True
304,3.47,0.83,Burst,True
305,3.16,6.43,Down,False
306,2.06,7.41,Normal,False
307,3.32,0.01,Normal,True
308,4.9,4.85,Down,False
309,5.04,4.58,Silence,False
310,2.6,9.99,Burst,False
311,2.03,6.89,Down,False
312,0.61,5.12,Down,True
313,6.0,6.94,Down,True
314,5.77,4.14,Silence,True
315,3.95,5.56,Silence,True
316,4.2,5.41,Down,False
317,2.89,4.24,Down,False
318,0.48,2.97,Normal,True
319,2.99,4.1,Down,True
320,0.34,7.52,Down,False
321,2.42,8.03,Down,True
322,5.41,8.09,Normal,False
323,2.47,9.46,Burst,False
324,0.02,6.16,Down,False
325,1.78,3.62,Normal,False
326,5.93,7.92,Burst,True
327,2.28,4.11,Burst,True
328,2.66,0.67,Silence,False
329,5.32,2.31,Normal,True
330,1.56,5.14,Normal,False
331,2.62,0.62,Down,True
332,5.84,9.91,Down,True
333,2.22,4.15,Burst,True
334,1.12,7.55,Normal,False
335,3.3,7.3,Down,False
336,0.71,9.13,Silence,True
337,0.45,6.42,Burst,True
338,0.42,6.91,Down,False
339,0.21,9.83,Silence,True
340,1.99,8.59,Silence,False
341,0.89,9.85,Down,True
342,5.96,0.52,Normal,True
343,0.8,3.96,Normal,True
344,2.88,9.3,Normal,False
345,3.31,9.04,Down,False
346,4.52,7.37,Normal,True
347,1.71,7.08,Silence,False
348,5.01,6.34,Silence,False
349,1.47,2.3,Down,False
350,0.45,4.24,Normal,True
351,2.29,9.22,Normal,True
352,5.56,0.54,Silence,False
353,3.15,0.61,Normal,False
354,1.31,0.08,Silence,False
355,3.35,1.91,Normal,False
356,3.13,6.02,Burst,False
357,3.7,3.86,Down,True
358,5.0,3.61,Burst,False
359,3.54,7.21,Down,True
360,2.43,3.93,Normal,False
361,2.83,4.34,Silence,True
362,0.92,9.99,Down,True
363,1.35,6.18,Burst,False
364,3.58,9.17,Silence,False
365,3.35,4.18,Down,False
366,0.42,9.31,Normal,False
367,3.07,1.57,Normal,True
368,4.9,4.63,Silence,True
369,3.62,3.07,Down,False
370,1.3,2.27,Silence,False
371,0.85,3.04,Down,False
372,4.28,8.99,Down,True
373,1.97,2.59,Burst,False
374,4.24,8.73,Silence,True
375,5.92,8.51,Down,True
376,4.84,3.42,Normal,True
377,3.07,8.47,Down,True
378,1.64,7.94,Down,True
379,3.75,3.1,Silence,True
380,2.99,8.53,Normal,True
381,1.06,2.34,Down,True
382,3.23,3.73,Silence,False
383,1.75,0.07,Burst,True
384,0.52,0.13,Down,True
385,4.05,5.46,Normal,True
386,2.78,4.16,Burst,True
387,4.32,9.91,Burst,False
388,3.44,0.64,Down,False
389,5.19,6.44,Down,False
390,1.26,3.7,Silence,True
391,5.72,8.02,Burst,False
392,1.63,6.9,Burst,False
393,2.3,8.02,Normal,False
394,1.29,9.56,Burst,True
395,4.98,7.18,Normal,False
396,2.75,0.27,Burst,False
397,3.99,1.9,Normal,True
398,0.35,0.39,Down,False
399,3.69,1.62,Down,False
400,0.1,8.58,Silence,True
401,4.65,1.37,Normal,False
402,1.77,4.03,Silence,True
403,0.72,3.58,Silence,True
404,5.56,8.26,Down,True
405,0.67,9.8,Burst,True
406,1.87,8.18,Burst,True
407,2.44,6.3,Silence,True
408,4.65,1.05,Silence,True
409,3.13,8.61,Burst,False
410,5.98,5.27,Silence,False
411,0.24,7.99,Burst,True
412,2.91,5.44,Silence,False
413,4.0,1.67,Silence,True
414,2.57,8.47,Normal,False
415,1.92,4.08,Burst,False
416,2.62,2.45,Silence,False
417,3.88,0.26,Silence,False
418,0.53,7.16,Down,False
419,1.19,8.98,Normal,False
420,1.35,4.06,Down,True
421,1.71,4.68,Burst,True
422,3.37,8.7,Down,True
423,0.66,4.65,Silence,False
424,5.3,7.53,Down,False
425,3.92,8.97,Down,True
426,3.45,3.58,Burst,True
427,1.33,2.49,Down,True
428,3.42,1.81,Burst,True
429,3.75,5.96,Burst,True
430,2.24,1.89,Normal,False
431,0.82,4.57,Down,True
432,2.21,9.92,Burst,False
433,1.29,3.75,Burst,True
434,0.99,4.46,Silence,True
435,4.27,0.15,Burst,False
436,0.73,8.45,Burst,True
437,2.35,1.51,Down,False
438,4.36,1.34,Normal,False
439,2.87,8.46,Burst,True
440,5.81,4.2,Down,True
441,1.75,3.57,Silence,False
442,5.79,9.37,Normal,False
443,2.92,1.82,Down,True
444,3.74,8.43,Down,True
445,1.48,4.31,Normal,False
446,4.77,9.82,Down,False
447,3.06,1.86,Down,False
448,0.02,3.92,Down,False
449,0.33,3.81,Normal,True
450,5.71,2.15,Normal,True
451,1.17,9.82,Down,False
452,2.14,2.84,Burst,True
453,3.56,6.46,Normal,True
454,3.28,2.96,Silence,True
455,3.04,8.19,Burst,True
456,1.61,4.97,Silence,True
457,5.39,9.01,Silence,True
458,1.75,1.71,Down,True
459,3.78,9.75,Normal,False
460,1.53,1.65,Normal,True
461,0.47,8.25,Silence,False
462,3.2,5.82,Normal,False
463,1.16,2.35,Burst,False
464,4.39,3.6,Silence,False
465,4.47,2.68,Down,False
466,1.77,0.68,Down,True
467,5.62,9.52,Silence,False
468,3.31,7.31,Normal,False
469,2.61,0.94,Normal,False
470,4.95,5.85,Burst,False
471,4.01,8.74,Burst,False
472,5.58,2.28,Normal,True
473,2.86,7.84,Down,True
474,0.31,8.23,Down,False
475,4.29,3.23,Burst,True
476,3.16,5.67,Silence,True
477,5.55,5.74,Normal,False
478,4.98,8.49,Normal,False
479,5.92,4.42,Burst,False
480,5.68,1.32,Burst,True
481,5.25,1.02,Normal,True
482,0.13,7.49,Normal,True
483,1.07,7.48,Normal,False
484,0.78,6.69,Silence,True
485,1.93,9.17,Down,False
486,3.69,5.41,Normal,True
487,4.84,8.06,Down,False
488,3.44,4.52,Silence,True
489,2.84,7.67,Normal,False
490,4.51,9.65,Normal,True
491,5.45,2.63,Down,True
492,0.1,7.11,Normal,True
493,3.2,5.65,Silence,True
494,2.36,1.85,Burst,False
495,1.69,5.32,Silence,False
496,3.55,2.1,Normal,False
497,4.54,7.22,Silence,True
498,5.94,5.11,Normal,True
499,1.91,4.68,Normal,True
500,3.84,3.53,Silence,True
501,5.98,0.5,Burst,True
502,0.89,6.75,Burst,False
503,4.67,4.3,Burst,False
504,3.94,5.08,Normal,True
505,2.65,8.09,Burst,False
506,0.36,8.78,Silence,False
507,0.2,0.61,Burst,False
508,2.53,8.4,Normal,True
509,1.47,7.78,Silence,True
510,3.84,0.75,Normal,True
511,2.93,8.76,Burst,False
512,0.73,7.63,Down,True
513,2.07,5.45,Burst,False
514,2.03,8.65,Burst,False
515,2.35,8.38,Normal,True
516,0.48,3.25,Normal,True
517,2.28,1.95,Down,True
518,5.23,7.06,Silence,True
519,5.51,9.93,Normal,True
520,1.08,8.99,Down,False
521,0.36,4.03,Normal,False
522,3.25,9.92,Burst,True
523,2.54,9.15,Burst,True
524,0.99,8.16,Down,False
525,4.58,4.08,Normal,True
526,4.64,7.6,Normal,False
527,5.9,1.27,Down,True
528,4.66,6.42,Burst,False
529,0.07,0.66,Silence,True
530,1.96,8.98,Down,False
531,3.25,3.4,Burst,False
532,2.2,7.6,Burst,True
533,2.2,7.88,Normal,True
534,2.21,5.44,Burst,False
535,3.63,6.36,Silence,False
536,1.66,1.89,Down,False
537,2.94,0.68,Silence,True
538,0.93,7.0,Silence,False
539,5.0,5.39,Silence,True
540,1.93,4.71,Silence,True
541,2.41,2.9,Burst,False
542,1.83,0.81,Silence,True
543,1.0,5.2,Down,True
544,4.12,9.84,Normal,True
545,3.29,4.7,Burst,True
546,3.84,5.88,Silence,False
547,2.8,2.16,Burst,False
548,4.5,3.62,Silence,False
549,3.98,7.45,Silence,False
550,2.92,9.71,Normal,True
551,4.5,3.4,Burst,True
552,5.3,7.61,Normal,False
553,3.13,4.25,Burst,True
554,4.16,1.16,Burst,False
555,3.32,7.5,Normal,False
556,5.67,8.72,Burst,True
557,5.1,3.99,Normal,True
558,0.0,1.32,Normal,True
559,4.52,2.55,Normal,True
560,1.64,9.26,Down,False
561,4.47,3.68,Down,False
562,1.72,5.5,Normal,True
563,5.88,5.52,Down,False
564,4.32,5.03,Burst,True
565,3.54,9.02,Down,False
566,2.74,4.81,Down,False
567,4.54,0.83,Normal,True
568,4.14,2.31,Silence,False
569,3.22,6.11,Down,True
570,1.54,2.65,Silence,True
571,2.14,9.58,Normal,True
572,1.78,3.26,Silence,True
573,1.01,0.34,Normal,False
574,0.36,2.52,Silence,False
575,0.74,1.28,Burst,False
576,0.89,4.75,Silence,False
577,2.89,3.3,Normal,False
578,5.91,6.75,Burst,False
579,3.93,8.48,Normal,False
580,2.0,1.63,Down,True
581,2.61,7.34,Normal,False
582,3.51,6.9,Silence,True
583,2.34,5.14,Down,True
584,1.11,9.07,Normal,False
585,2.67,6.5,Normal,False
586,2.11,9.95,Silence,False
587,5.77,2.14,Burst,True
588,4.08,4.5,Silence,False
589,4.33,0.3,Burst,True
590,3.26,9.78,Silence,True
591,0.26,7.7,Normal,True
592,5.87,7.75,Down,True
593,3.87,2.45,Down,False
594,0.99,2.59,Normal,False
595,0.39,6.02,Down,True
596,1.57,3.93,Silence,False
597,3.6,6.39,Silence,True
598,1.55,5.54,Silence,True
599,0.62,2.27,Down,True
600,4.73,6.15,Down,True
601,2.52,5.27,Down,False
602,3.47,6.49,Down,True
603,0.97,4.42,Down,True
604,0.16,1.71,Down,True
605,0.32,9.82,Normal,False
606,0.15,1.81,Silence,False
607,5.56,1.2,Burst,False
608,0.93,3.85,Normal,True
609,1.15,1.31,Normal,True
610,2.81,0.4,Burst,False
611,2.22,0.95,Silence,False
612,3.35,0.9,Normal,False
613,2.97,1.99,Silence,True
614,5.51,8.43,Burst,False
615,0.7,5.85,Burst,False
616,0.95,2.61,Burst,False
617,4.66,2.89,Burst,True
618,3.43,7.56,Silence,True
619,3.95,1.34,Burst,True
620,1.19,3.78,Silence,False
621,4.95,6.04,Silence,False
622,4.01,8.41,Silence,False
623,1.71,7.77,Silence,True
624,0.89,3.23,Normal,False
625,1.57,1.44,Silence,True
626,3.4,0.26,Down,False
627,1.41,0.8,Silence,False
628,2.88,5.3,Burst,True
629,0.1,5.23,Silence,True
630,4.73,7.38,Silence,False
631,2.34,1.25,Silence,True
632,3.49,8.67,Silence,False
633,5.74,2.29,Down,True
634,3.34,2.33,Silence,False
635,4.95,3.73,Normal,True
636,0.74,7.73,Silence,False
637,5.01,6.74,Down,True
638,0.56,9.14,Normal,False
639,2.97,5.59,Down,True
640,2.13,7.22,Down,False
641,3.41,1.64,Burst,False
642,4.66,8.15,Silence,True
643,5.65,0.64,Burst,True
644,0.75,9.29,Silence,True
645,4.42,4.84,Normal,False
646,4.81,8.02,Down,True
647,3.72,2.22,Silence,False
648,3.77,1.68,Down,True
649,0.24,7.06,Down,False
650,3.73,4.34,Burst,True
651,2.25,1.71,Down,True
652,4.26,4.24,Normal,False
653,2.17,3.14,Silence,True
654,2.31,4.23,Normal,True
655,2.87,3.09,Burst,True
656,1.67,8.93,Normal,True
657,0.75,8.7,Down,True
658,1.62,6.7,Down,False
659,4.28,1.12,Normal,False
660,1.08,3.42,Burst,True
661,3.64,0.66,Burst,False
662,0.99,8.05,Silence,True
663,4.25,4.27,Down,True
664,1.89,1.01,Silence,False
665,5.45,2.64,Burst,True
666,2.65,1.88,Down,False
667,4.32,9.02,Down,False
668,3.76,5.91,Down,False
669,0.76,5.64,Normal,True
670,4.67,2.14,Silence,False
671,3.16,5.94,Normal,True
672,4.16,6.86,Silence,False
673,1.0,6.63,Down,True
674,1.01,4.74,Down,False
675,3.43,6.58,Burst,False
676,5.42,9.68,Silence,True
677,3.38,2.55,Normal,True
678,4.69,1.17,Normal,True
679,0.64,6.88,Silence,True
680,5.9,9.36,Down,True
681,3.27,7.42,Down,True
682,3.57,1.31,Down,False
683,1.42,4.03,Burst,False
684,5.28,3.58,Down,True
685,0.21,6.84,Burst,False
686,3.2,7.03,Burst,False
687,1.68,5.95,Silence,False
688,2.12,2.24,Down,False
689,1.21,0.13,Down,True
690,3.94,7.0,Burst,True
691,0.62,8.63,Silence,True
692,4.83,3.6,Normal,True
693,0.18,0.47,Burst,False
694,1.04,4.17,Down,False
695,4.44,8.29,Silence,False
696,5.75,7.39,Normal,True
697,2.26,2.75,Silence,True
698,3.93,0.04,Silence,False
699,1.55,7.55,Burst,True
700,4.21,0.32,Burst,True
701,3.82,7.26,Burst,False
702,5.29,1.4,Down,True
703,5.09,6.12,Down,False
704,3.94,6.68,Silence,True
705,2.1,9.66,Burst,True
706,2.95,4.52,Silence,False
707,3.74,6.58,Burst,True
708,3.38,5.23,Down,True
709,2.8,3.31,Down,True
710,0.68,1.66,Down,True
711,0.18,1.68,Normal,False
712,4.59,1.56,Silence,False
713,4.19,9.35,Normal,False
714,0.09,9.57,Down,False
715,1.59,3.19,Normal,False
716,1.82,4.27,Down,False
717,1.51,4.39,Down,True
718,0.95,8.96,Silence,True
719,4.69,1.65,Silence,True
720,3.23,8.4,Silence,False
721,4.83,9.21,Burst,False
722,0.78,6.96,Normal,False
723,0.06,1.18,Normal,True
724,0.03,1.06,Burst,False
725,2.29,1.88,Down,False
726,0.89,6.47,Silence,False
727,4.85,6.54,Silence,False
728,5.67,6.39,Down,False
729,3.94,9.86,Silence,True
730,4.4,8.83,Burst,True
731,1.54,6.86,Burst,True
732,4.87,6.23,Silence,True
733,4.76,3.23,Silence,True
734,1.87,2.47,Normal,False
735,5.39,6.25,Silence,False
736,4.71,8.33,Down,False
737,5.66,4.8,Down,False
738,4.22,3.68,Normal,True
739,5.8,6.12,Burst,False
740,5.65,5.79,Burst,True
741,4.97,6.69,Normal,False
742,1.42,3.6,Burst,True
743,1.24,4.39,Normal,True
744,2.21,7.97,Normal,False
745,0.53,7.62,Silence,False
746,4.7,7.7,Down,True
747,0.08,2.66,Normal,False
748,2.99,6.35,Burst,False
749,5.81,8.25,Silence,False
750,3.08,4.75,Normal,True
751,3.2,8.02,Normal,False
752,1.62,5.33,Burst,False
753,5.15,2.06,Normal,True
754,1.67,3.48,Burst,True
755,4.56,9.77,Normal,True
756,4.38,1.51,Burst,True
757,2.43,9.19,Normal,True
758,1.77,3.51,Down,False
759,0.45,2.28,Burst,True
760,4.35,4.1,Burst,False
761,2.92,7.82,Burst,False
762,3.21,5.42,Silence,False
763,0.37,4.38,Down,False
764,3.22,4.19,Normal,False
765,2.04,7.74,Silence,True
766,5.32,9.12,Down,True
767,5.34,4.34,Silence,False
768,5.47,5.23,Silence,False
769,1.42,7.77,Silence,False
770,2.24,7.23,Down,False
771,2.45,4.31,Normal,False
772,3.71,2.35,Down,False
773,1.21,8.23,Silence,True
774,4.26,5.12,Normal,True
775,0.87,5.44,Down,False
776,5.34,5.96,Down,True
777,4.23,7.21,Normal,False
778,1.71,0.57,Normal,True
779,0.07,3.96,Burst,False
780,1.69,7.44,Burst,True
781,5.3,1.75,Silence,True
782,3.29,9.2,Burst,False
783,0.25,0.75,Silence,False
784,1.44,5.34,Down,False
785,4.8,5.38,Burst,False
786,0.16,6.83,Down,False
787,3.71,8.02,Silence,False
788,4.07,1.78,Silence,True
789,0.16,9.85,Down,True
790,0.59,3.64,Normal,False
791,2.02,2.23,Burst,False
792,4.41,0.94,Down,False
793,1.18,4.77,Down,False
794,0.58,4.2,Silence,True
795,3.17,5.93,Normal,False
796,3.29,0.28,Down,False
797,0.93,1.91,Down,True
798,1.58,0.13,Down,False
799,5.49,1.55,Burst,True
800,3.84,6.95,Burst,False
801,4.56,1.89,Burst,False
802,0.8,2.01,Silence,False
803,2.78,1.03,Silence,False
804,5.08,1.38,Burst,False
805,1.26,2.97,Burst,True
806,4.1,5.31,Burst,True
807,4.73,3.72,Down,True
808,1.62,7.0,Down,True
809,3.09,4.75,Burst,True
810,5.13,6.56,Normal,True
811,4.43,3.32,Down,True
812,3.12,8.29,Burst,True
813,1.93,8.18,Silence,True
814,5.4,7.54,Normal,False
815,4.11,6.09,Burst,False
816,1.66,4.26,Down,True
817,3.28,9.09,Down,False
818,4.47,7.89,Burst,False
819,1.95,0.58,Silence,True
820,0.03,2.07,Silence,True
821,2.05,9.88,Burst,True
822,0.6,0.2,Down,False
823,2.55,5.44,Normal,False
824,3.9,9.11,Burst,True
825,4.16,3.37,Burst,False
826,4.18,8.08,Normal,False
827,3.5,5.72,Down,True
828,5.87,7.66,Silence,True
829,2.45,1.75,Normal,True
830,5.52,2.53,Down,True
831,0.44,9.08,Down,False
832,4.1,7.28,Silence,True
833,2.4,4.11,Down,True
834,1.22,1.6,Silence,False
835,3.31,1.88,Normal,True
836,1.26,9.03,Normal,False
837,5.49,4.12,Down,False
838,4.38,6.95,Normal,False
839,0.85,7.04,Burst,False
840,5.19,0.59,Down,True
841,2.91,8.32,Normal,True
842,2.69,6.57,Down,False
843,4.45,1.13,Burst,False
844,5.1,9.98,Burst,True
845,4.02,4.21,Burst,True
846,3.6,0.86,Normal,True
847,5.31,0.88,Down,True
848,0.54,5.01,Normal,False
849,4.51,0.85,Burst,True
850,5.39,8.1,Normal,True
851,4.71,9.33,Down,False
852,3.04,2.22,Normal,False
853,5.34,9.79,Down,False
854,0.87,1.77,Burst,False
855,3.52,5.79,Normal,False
856,5.8,0.22,Burst,True
857,3.31,8.96,Silence,True
858,5.26,9.0,Down,True
859,1.26,5.73,Normal,False
860,1.85,1.06,Burst,True
861,4.92,3.52,Down,True
862,3.83,2.34,Down,False
863,2.95,0.86,Down,False
864,1.75,1.31,Burst,False
865,5.54,8.04,Normal,False
866,2.05,5.01,Normal,True
867,2.3,3.24,Normal,False
868,2.14,1.89,Down,True
869,5.13,8.26,Normal,False
870,3.77,4.54,Down,False
871,4.87,8.97,Normal,True
872,0.68,7.15,Down,False
873,3.78,2.65,Silence,False
874,4.02,0.93,Down,True
875,4.85,6.02,Silence,False
876,5.58,9.1,Burst,False
877,1.65,8.33,Down,True
878,3.07,2.48,Burst,False
879,0.99,6.18,Down,False
880,5.58,2.51,Normal,False
881,5.32,2.87,Silence,False
882,3.28,0.03,Burst,True
883,4.91,4.16,Silence,True
884,1.42,6.07,Normal,True
885,4.93,6.2,Normal,True
886,5.03,9.22,Down,False
887,4.37,1.79,Burst,False
888,2.2,8.82,Down,True
889,4.77,5.16,Burst,True
890,4.47,6.43,Burst,True
891,2.33,3.99,Silence,False
892,4.08,9.56,Normal,True
893,2.63,5.98,Burst,False
894,2.67,9.85,Normal,False
895,3.28,0.31,Down,True
896,4.22,7.1,Down,False
897,5.09,8.71,Normal,False
898,1.79,6.52,Normal,True
899,5.85,6.59,Down,True
900,3.24,0.71,Down,True
901,2.64,0.3,Down,False
902,2.71,8.62,Down,True
903,2.08,3.34,Normal,False
904,1.08,6.76,Silence,False
905,5.78,2.86,Burst,False
906,5.77,6.2,Normal,False
907,0.17,2.6,Burst,True
908,1.31,4.75,Silence,False
909,0.39,5.94,Silence,False
910,0.02,0.44,Normal,False
911,4.03,9.48,Down,False
912,0.78,8.25,Down,True
913,0.97,8.78,Normal,True
914,1.92,6.87,Silence,False
915,0.77,5.62,Normal,False
916,1.82,0.58,Down,True
917,3.47,4.58,Normal,False
918,2.36,6.55,Burst,False
919,0.68,6.26,Normal,True
920,0.25,0.79,Silence,True
921,5.97,5.78,Normal,False
922,3.3,8.9,Silence,False
923,3.8,9.15,Down,True
924,2.44,4.2,Normal,False
925,2.62,7.07,Silence,True
926,1.82,0.62,Down,True
927,5.23,1.57,Burst,False
928,3.82,8.39,Down,True
929,4.36,1.56,Down,True
930,5.37,2.59,Silence,False
931,2.96,6.62,Down,True
932,5.85,7.03,Down,False
933,1.36,7.81,Normal,False
934,3.88,6.12,Silence,True
935,0.1,6.25,Normal,False
936,5.02,0.45,Burst,True
937,0.69,0.03,Silence,False
938,5.3,8.63,Silence,False
939,0.4,0.58,Normal,False
940,4.72,4.04,Down,True
941,2.62,5.8,Down,True
942,1.17,7.43,Normal,False
943,2.44,2.77,Silence,False
944,5.85,7.42,Silence,True
945,5.41,2.39,Burst,True
946,4.53,5.88,Normal,True
947,0.68,9.91,Silence,True
948,0.07,3.46,Silence,False
949,2.76,8.21,Burst,False
950,5.34,7.14,Normal,True
951,5.52,8.84,Normal,False
952,5.63,9.46,Normal,True
953,3.19,4.83,Down,False
954,4.0,8.76,Burst,False
955,1.94,6.16,Silence,False
956,5.0,6.4,Normal,False
957,2.11,6.78,Normal,False
958,1.4,0.75,Silence,False
959,2.11,7.56,Silence,True
960,3.79,3.9,Silence,False
961,4.3,3.03,Normal,True
962,5.69,0.74,Silence,False
963,5.15,1.97,Silence,False
964,0.9,2.55,Down,False
965,4.7,1.24,Normal,False
966,5.19,1.98,Burst,False
967,0.96,2.15,Silence,True
968,5.94,9.62,Down,True
969,4.04,5.0,Burst,False
970,5.52,9.74,Silence,True
971,4.75,0.99,Normal,True
972,3.22,5.34,Down,False
973,4.63,1.41,Normal,False
974,4.26,1.03,Burst,True
975,2.39,7.99,Burst,False
976,5.17,5.08,Burst,True
977,0.35,4.32,Down,True
978,1.21,0.43,Down,True
979,1.41,3.55,Burst,True
980,4.48,7.53,Silence,True
981,2.96,3.78,Silence,False
982,2.8,6.63,Burst,True
983,4.31,9.75,Burst,False
984,1.99,7.26,Silence,False
985,1.1,0.04,Normal,True
986,2.29,9.92,Burst,False
987,2.85,6.29,Silence,True
988,2.29,4.12,Normal,True
989,5.31,7.18,Burst,True
990,2.83,6.81,Normal,True
991,0.8,2.37,Normal,False
992,5.01,6.91,Normal,False
993,2.99,5.09,Burst,True
994,2.47,6.17,Silence,False
995,4.14,8.03,Burst,True
996,4.98,6.17,Normal,False
997,2.23,4.9,Silence,False
998,2.73,1.17,Normal,False
999,0.38,2.91,Burst,False
1000,0.88,0.28,Normal,False
1001,1.04,0.74,Silence,True
1002,1.56,5.11,Burst,False
1003,4.66,3.61,Down,True
1004,1.37,6.22,Burst,True
1005,4.28,3.58,Silence,False
1006,3.73,9.49,Burst,True
1007,0.82,7.79,Silence,True
1008,4.78,2.22,Down,False
1009,5.69,6.97,Normal,False
1010,4.68,5.0,Burst,False
1011,3.76,7.41,Silence,True
1012,4.81,2.77,Normal,False
1013,4.75,0.83,Burst,True
1014,0.54,5.05,Normal,False
1015,0.14,8.28,Silence,True
1016,0.32,4.4,Normal,False
1017,0.43,2.48,Down,True
1018,0.18,3.64,Burst,True
1019,0.93,1.27,Silence,True
1020,4.44,0.03,Down,False
1021,5.39,3.16,Normal,False
1022,1.37,9.54,Burst,True
1023,3.22,5.4,Burst,True
1024,0.16,1.46,Down,False
1025,5.8,3.86,Silence,True
1026,2.34,4.73,Down,False
1027,1.58,8.78,Burst,False
1028,5.61,6.07,Silence,True
1029,3.55,6.15,Burst,True
1030,5.9,6.58,Normal,True
1031,3.61,2.25,Down,True
1032,4.97,7.03,Down,False
1033,5.35,7.7,Burst,False
1034,3.7,4.66,Burst,True
1035,0.46,9.91,Normal,False
1036,2.0,7.96,Burst,True
1037,1.76,2.96,Silence,True
1038,1.45,1.12,Down,False
1039,3.57,3.08,Down,True
1040,5.8,4.28,Down,False
1041,0.94,1.99,Normal,True
1042,5.26,3.48,Normal,True
1043,3.0,3.25,Burst,False
1044,1.17,8.33,Down,False
1045,2.1,9.75,Burst,True
1046,1.97,8.82,Silence,True
1047,1.65,9.84,Silence,False
1048,3.16,1.26,Down,True
1049,1.36,3.76,Silence,True
1050,0.06,5.96,Down,True
1051,5.14,3.22,Normal,True
1052,0.63,5.86,Burst,False
1053,4.47,9.6,Burst,True
1054,2.28,6.01,Down,False
1055,2.82,3.67,Down,True
1056,1.86,7.73,Down,False
1057,3.81,7.66,Down,False
1058,5.61,3.96,Burst,True
1059,2.12,7.22,Normal,True
1060,4.99,1.62,Burst,False
1061,1.73,8.09,Burst,False
1062,3.58,1.78,Down,False
1063,2.88,3.63,Burst,False
1064,0.56,7.05,Normal,False
1065,4.87,2.66,Down,True
1066,0.42,8.48,Silence,True
1067,4.24,5.91,Burst,True
1068,2.11,0.7,Silence,True
1069,2.31,6.93,Down,True
1070,3.86,8.26,Down,True
1071,1.53,8.55,Normal,False
1072,4.79,0.82,Normal,False
1073,2.1,2.48,Down,False
1074,1.83,6.25,Normal,True
1075,1.74,7.23,Burst,False
1076,4.15,8.71,Silence,False
1077,1.18,2.88,Silence,True
1078,3.96,2.73,Burst,True
1079,2.33,3.51,Burst,False
1080,4.78,1.96,Burst,True
1081,3.85,1.57,Down,True
1082,1.14,5.63,Silence,True
1083,5.17,7.66,Burst,False
1084,1.17,1.64,Burst,True
1085,4.42,3.93,Down,False
1086,4.91,7.52,Silence,True
1087,2.0,8.16,Normal,False
1088,1.43,3.47,Normal,False
1089,2.58,2.52,Down,False
1090,5.18,5.97,Down,True
1091,3.5,0.31,Burst,True
1092,4.4,6.1,Silence,True
1093,4.37,3.7,Normal,False
1094,4.81,0.53,Down,True
1095,2.87,9.39,Normal,False
1096,5.24,5.46,Normal,False
1097,1.53,6.75,Silence,True
1098,0.14,4.34,Silence,True
1099,5.17,4.46,Normal,False
1100,0.68,3.71,Normal,False
1101,3.76,3.5,Down,True
1102,4.05,6.03,Burst,True
1103,4.6,9.45,Silence,False
1104,3.5,8.98,Silence,False
1105,3.5,3.6,Normal,True
1106,5.06,5.94,Burst,False
1107,0.4,4.29,Normal,False
1108,1.1,4.25,Normal,True
1109,2.26,4.11,Normal,True
1110,4.98,6.12,Silence,False
1111,5.67,7.39,Silence,True
1112,3.51,7.6,Down,True
1113,4.12,3.37,Normal,False
1114,1.02,0.4,Normal,True
1115,1.02,6.56,Burst,True
1116,4.45,3.14,Burst,False
1117,2.23,6.35,Down,False
1118,2.89,2.19,Silence,True
1119,1.33,6.53,Burst,False
1120,3.58,5.25,Burst,True
1121,0.89,9.64,Down,False
1122,0.1,4.82,Down,False
1123,4.71,2.08,Down,True
1124,1.39,7.3,Down,False
1125,4.06,4.35,Silence,True
1126,4.26,2.43,Burst,False
1127,3.8,3.71,Silence,False
1128,1.6,6.21,Down,True
1129,1.58,4.37,Normal,True
1130,4.59,5.92,Down,True
1131,3.78,0.35,Burst,True
1132,1.07,3.29,Burst,False
1133,2.2,5.06,Down,False
1134,2.99,2.82,Normal,False
1135,0.13,3.38,Burst,False
1136,5.67,6.78,Normal,False
1137,0.08,0.11,Silence,False
1138,1.68,9.09,Down,False
1139,5.47,2.21,Down,False
1140,3.65,2.85,Burst,False
1141,5.48,8.5,Down,True
1142,3.29,1.05,Down,False
1143,4.3,0.88,Silence,False
1144,2.39,8.64,Silence,True
1145,2.59,4.92,Silence,True
1146,2.25,6.29,Silence,False
1147,5.54,0.4,Normal,True
1148,2.27,0.33,Down,True
1149,2.02,5.98,Down,False
1150,5.97,1.69,Normal,False
1151,1.06,2.7,Silence,True
1152,0.7,8.38,Burst,True
1153,3.08,1.37,Normal,True
1154,0.65,0.27,Burst,True
1155,5.98,6.65,Burst,True
1156,5.6,6.43,Silence,True
1157,4.28,4.91,Down,True
1158,2.78,5.78,Silence,True
1159,4.63,2.56,Silence,False
1160,3.31,2.89,Normal,True
1161,2.04,4.31,Normal,True
1162,4.42,7.17,Burst,True
1163,5.43,0.66,Down,True
1164,1.39,5.41,Down,True
1165,3.56,8.58,Normal,False
1166,0.82,0.84,Burst,True
1167,0.2,4.56,Normal,False
1168,5.66,2.47,Down,False
1169,4.45,1.77,Normal,False
1170,2.91,2.4,Silence,True
1171,4.0,3.68,Silence,True
1172,4.62,8.99,Silence,False
1173,3.13,8.56,Normal,False
1174,4.55,7.39,Normal,False
1175,0.83,2.0,Silence,True
1176,5.08,4.44,Normal,False
1177,3.75,5.51,Silence,False
1178,1.92,7.96,Down,True
1179,1.82,0.6,Silence,True
1180,1.59,5.26,Burst,True
1181,4.17,3.43,Burst,True
1182,0.85,6.97,Normal,True
1183,4.29,6.04,Normal,False
1184,0.71,0.76,Silence,False
1185,3.21,2.89,Down,False
1186,3.33,6.07,Silence,True
1187,3.98,5.79,Burst,True
1188,5.17,1.22,Normal,True
1189,5.64,0.14,Silence,True
1190,1.37,1.49,Silence,False
1191,3.57,3.14,Down,False
1192,4.63,1.39,Silence,True
1193,2.06,0.46,Normal,True
1194,1.47,7.28,Silence,False
1195,3.13,7.04,Normal,True
1196,3.79,7.08,Down,True
1197,2.38,4.45,Normal,False
1198,4.28,9.28,Burst,False
1199,2.16,1.69,Down,True
1200,1.28,1.44,Silence,True
1201,1.65,6.23,Normal,True
1202,1.4,6.28,Down,True
1203,3.38,1.73,Down,False
1204,4.9,8.42,Normal,False
1205,0.64,7.02,Silence,True
1206,3.77,7.72,Silence,False
1207,5.98,6.86,Burst,False
1208,3.27,1.02,Burst,False
1209,0.93,1.45,Down,True
1210,1.16,4.67,Burst,True
1211,4.73,6.4,Down,False
1212,1.56,2.49,Silence,True
1213,2.44,4.68,Normal,True
1214,4.35,7.35,Silence,True
1215,0.01,5.46,Down,True
1216,4.27,4.37,Down,False
1217,5.48,7.71,Silence,False
1218,2.71,7.49,Burst,True
1219,3.22,1.98,Burst,True
1220,2.14,4.14,Burst,False
1221,2.13,3.54,Silence,True
1222,4.62,7.95,Silence,True
1223,0.91,0.14,Normal,False
1224,0.33,2.14,Down,True
1225,1.05,5.15,Normal,True
1226,1.12,7.16,Down,True
1227,2.12,8.18,Burst,True
1228,1.99,6.99,Burst,True
1229,2.13,2.71,Down,False
1230,4.74,6.78,Normal,True
1231,5.47,5.19,Silence,False
1232,2.9,6.57,Silence,True
1233,1.43,8.69,Normal,False
1234,2.81,2.2,Down,False
1235,0.02,8.59,Silence,False
1236,1.97,8.38,Normal,True
1237,0.11,5.17,Normal,True
1238,2.69,3.6,Burst,False
1239,4.09,6.8,Silence,True
1240,2.88,1.16,Down,True
1241,0.08,9.23,Silence,True
1242,1.8,3.48,Silence,False
1243,3.76,7.01,Burst,True
1244,4.86,2.16,Down,False
1245,4.49,0.59,Silence,True
1246,1.3,2.73,Silence,True
1247,4.32,4.86,Normal,False
1248,3.98,7.62,Silence,True
1249,3.77,4.94,Normal,False
1250,2.84,2.42,Silence,False
1251,3.16,8.32,Silence,False
1252,5.82,3.44,Down,False
1253,5.13,1.37,Down,False
1254,1.52,0.55,Burst,False
1255,2.88,5.47,Normal,False
1256,4.26,2.92,Normal,True
1257,1.15,3.83,Down,False
1258,4.6,9.33,Down,False
1259,5.07,5.49,Down,False
1260,3.98,9.88,Down,False
1261,5.62,4.61,Normal,True
1262,4.33,0.81,Burst,False
1263,1.16,7.42,Burst,True
1264,5.23,3.2,Silence,False
1265,2.55,2.51,Normal,False
1266,0.74,8.69,Down,True
1267,3.11,1.21,Silence,True
1268,5.48,7.19,Burst,True
1269,0.65,0.66,Down,True
1270,3.42,2.71,Burst,True
1271,2.38,5.3,Burst,False
1272,0.1,6.45,Silence,True
1273,1.71,3.04,Silence,True
1274,0.81,5.71,Silence,True
1275,1.42,2.49,Silence,False
1276,4.32,4.58,Down,True
1277,1.22,6.68,Down,True
1278,1.8,6.92,Normal,False
1279,5.22,4.25,Silence,True
1280,4.98,5.83,Normal,True
1281,3.53,0.14,Silence,False
1282,1.7,8.08,Down,False
1283,0.17,6.22,Normal,True
1284,3.49,1.6,Silence,True
1285,5.33,4.5,Silence,True
1286,1.29,1.09,Normal,True
1287,3.62,9.4,Down,True
1288,4.7,8.32,Burst,False
1289,4.1,0.44,Burst,False
1290,4.65,6.83,Down,True
1291,2.26,6.58,Silence,True
1292,4.81,8.62,Normal,False
1293,0.05,4.16,Down,False
1294,0.3,2.1,Silence,True
1295,2.83,7.08,Burst,False
1296,0.16,9.91,Silence,True
1297,3.34,1.6,Silence,False
1298,3.86,7.52,Silence,True
1299,3.51,5.88,Normal,True
1300,4.51,2.74,Normal,False
1301,1.42,6.81,Normal,True
1302,5.76,6.69,Silence,False
1303,2.32,8.59,Normal,False
1304,1.78,8.93,Down,True
1305,5.28,0.86,Silence,True
1306,5.85,9.19,Silence,True
1307,5.92,2.74,Down,False
1308,5.36,7.44,Down,False
1309,5.2,5.2,Silence,False
1310,2.92,5.06,Normal,False
1311,5.09,1.73,Down,False
1312,4.04,1.16,Normal,False
1313,5.21,8.9,Burst,True
1314,0.45,6.24,Silence,True
1315,4.64,3.74,Silence,True
1316,5.9,6.12,Burst,False
1317,5.04,9.87,Normal,True
1318,5.35,7.35,Silence,False
1319,0.96,2.44,Normal,True
1320,0.72,3.19,Burst,True
1321,3.12,9.46,Silence,False
1322,5.83,9.03,Down,False
1323,3.71,5.49,Down,True
1324,1.04,8.92,Burst,False
1325,4.39,0.0,Down,True
1326,3.36,8.61,Burst,False
1327,1.46,5.44,Down,True
1328,1.18,9.0,Normal,False
1329,2.5,3.19,Normal,False
1330,5.11,8.37,Burst,False
1331,3.84,1.07,Burst,True
1332,4.83,8.24,Burst,True
1333,4.33,5.87,Normal,True
1334,3.9,3.09,Burst,False
1335,0.54,3.08,Normal,False
1336,0.58,7.48,Down,True
1337,0.29,3.68,Normal,True
1338,3.67,1.21,Down,True
1339,4.27,7.22,Burst,False
1340,5.18,8.6,Down,False
1341,4.66,7.67,Burst,False
1342,0.66,6.03,Normal,True
1343,0.21,6.17,Burst,False
1344,1.96,6.27,Down,True
1345,5.7,1.47,Down,True
1346,1.66,6.88,Down,True
1347,3.19,6.46,Down,False
1348,4.54,1.99,Normal,True
1349,1.61,0.44,Silence,False
1350,1.69,4.83,Down,False
1351,1.84,8.19,Burst,False
1352,5.61,1.89,Silence,True
1353,0.63,3.54,Normal,False
1354,4.12,0.61,Silence,True
1355,5.65,9.09,Burst,True
1356,5.88,2.09,Burst,False
1357,0.82,0.59,Burst,True
1358,5.11,3.69,Down,True
1359,1.99,8.7,Silence,False
1360,0.97,6.02,Normal,False
1361,1.65,3.55,Silence,True
1362,0.92,2.85,Burst,False
1363,5.39,1.21,Silence,True
1364,1.01,5.6,Normal,True
1365,3.82,3.25,Down,False
1366,0.4,3.99,Burst,False
1367,3.27,0.02,Down,False
1368,0.68,8.57,Burst,False
1369,2.48,4.14,Down,False
1370,0.14,1.11,Silence,True
1371,5.18,2.81,Burst,False
1372,5.35,8.46,Down,False
1373,0.81,7.97,Normal,True
1374,3.76,1.44,Down,False
1375,3.02,9.78,Burst,True
1376,4.07,6.79,Burst,True
1377,3.5,1.3,Burst,False
1378,0.97,0.4,Down,True
1379,3.98,6.02,Normal,False
1380,3.7,1.34,Down,False
1381,3.66,1.72,Down,True
1382,2.76,3.28,Burst,True
1383,5.14,8.99,Normal,True
1384,3.15,0.55,Burst,False
1385,2.49,1.73,Down,True
1386,1.18,6.26,Burst,False
1387,2.38,6.53,Normal,False
1388,4.15,1.86,Burst,False
1389,5.9,7.52,Normal,False
1390,0.77,1.6,Burst,False
1391,2.09,8.1,Normal,False
1392,3.4,4.35,Burst,False
1393,5.27,3.09,Down,False
1394,2.87,9.38,Down,True
1395,3.03,4.06,Down,False
1396,2.78,0.13,Silence,True
1397,5.56,5.4,Normal,False
1398,1.21,3.22,Down,False
1399,4.31,1.23,Burst,False
1400,2.42,1.7,Normal,True
1401,2.69,8.07,Burst,False
1402,3.8,2.38,Burst,False
1403,1.74,3.79,Burst,True
1404,4.68,0.68,Down,False
1405,4.44,6.92,Normal,True
1406,4.72,6.32,Silence,False
1407,3.29,0.6,Silence,True
1408,0.13,2.73,Down,True
1409,3.12,6.76,Normal,True
1410,3.15,9.14,Burst,True
1411,2.69,1.98,Normal,False
1412,1.03,8.51,Normal,True
1413,0.91,0.66,Down,False
1414,2.02,5.54,Silence,True
1415,5.26,0.53,Down,False
1416,5.09,0.98,Burst,False
1417,5.06,7.55,Normal,True
1418,5.71,1.14,Silence,False
1419,1.73,3.07,Down,False
1420,0.58,3.37,Normal,True
1421,5.23,4.66,Silence,False
1422,5.63,1.59,Burst,True
1423,3.72,5.08,Normal,False
1424,5.1,5.2,Normal,False
1425,1.82,3.18,Down,True
1426,1.94,3.13,Burst,False
1427,4.24,2.21,Silence,False
1428,4.98,4.8,Down,True
1429,0.22,6.94,Silence,True
1430,5.18,2.74,Down,False
1431,0.14,4.56,Normal,False
1432,4.59,5.39,Burst,False
1433,5.64,4.46,Normal,False
1434,1.82,6.0,Silence,False
1435,2.89,6.88,Silence,True
1436,3.59,3.49,Normal,False
1437,1.97,3.62,Silence,True
1438,5.62,0.36,Normal,True
1439,5.5,0.15,Normal,False
1440,5.1,0.78,Silence,False
1441,2.26,4.34,Burst,False
1442,0.19,2.06,Normal,True
1443,4.53,2.59,Silence,False
1444,1.55,3.12,Down,False
1445,4.58,3.35,Silence,False
1446,5.69,7.11,Down,True
1447,2.35,1.03,Silence,False
1448,2.21,7.53,Burst,False
1449,2.6,0.92,Silence,False
1450,1.11,1.29,Burst,False
1451,3.09,9.14,Silence,False
1452,2.13,4.76,Burst,False
1453,5.55,8.02,Burst,False
1454,3.1,8.91,Down,False
1455,5.29,3.12,Burst,False
1456,3.52,7.66,Burst,True
1457,1.71,4.18,Silence,True
1458,3.28,7.61,Silence,False
1459,5.36,9.71,Burst,True
1460,3.45,1.52,Down,True
1461,2.05,4.67,Down,True
1462,5.34,8.45,Silence,False
1463,3.31,7.48,Burst,True
1464,5.57,7.99,Down,True
1465,0.3,8.49,Down,True
1466,4.32,2.54,Burst,True
1467,0.18,7.6,Down,False
1468,1.82,3.32,Down,True
1469,3.73,1.19,Burst,False
1470,5.58,6.47,Down,True
1471,2.01,6.91,Burst,False
1472,3.7,0.2,Normal,True
1473,5.39,3.34,Normal,False
1474,0.68,5.21,Burst,False
1475,0.92,1.77,Silence,True
1476,5.04,6.93,Burst,False
1477,5.94,3.06,Burst,False
1478,5.75,4.3,Silence,True
1479,1.19,5.37,Normal,False
1480,5.69,0.34,Normal,True
1481,0.28,0.92,Normal,False
1482,5.84,9.01,Normal,False
1483,4.05,1.8,Silence,True
1484,2.95,6.6,Burst,True
1485,3.98,4.19,Silence,True
1486,4.01,9.4,Silence,True
1487,1.4,3.76,Down,False
1488,3.24,6.77,Silence,True
1489,5.57,5.43,Normal,False
1490,2.29,7.19,Down,False
1491,0.22,2.73,Down,True
1492,1.42,7.83,Burst,True
1493,0.54,1.67,Normal,False
1494,3.88,3.05,Normal,False
1495,0.96,0.12,Silence,False
1496,4.45,4.87,Burst,True
1497,5.82,3.03,Silence,True
1498,2.21,5.61,Burst,True
1499,4.64,3.42,Silence,True
1500,5.25,6.69,Silence,False
1501,1.41,3.22,Burst,True
1502,3.12,5.48,Normal,True
1503,4.71,6.19,Burst,False
1504,2.8,2.84,Down,False
1505,3.12,7.58,Down,False
1506,1.57,6.23,Normal,False
1507,4.16,8.82,Normal,False
1508,0.65,8.06,Burst,False
1509,4.57,0.48,Silence,False
1510,3.55,4.56,Down,True
1511,0.57,9.68,Normal,True
1512,4.61,5.85,Down,True
1513,1.69,0.45,Normal,False
1514,4.02,7.34,Down,False
1515,2.4,6.6,Burst,False
1516,3.84,7.16,Down,True
1517,2.99,6.81,Burst,False
1518,2.95,8.33,Burst,False
1519,1.58,7.72,Burst,True
1520,4.48,8.36,Burst,False
1521,0.2,7.49,Silence,True
1522,4.0,1.19,Silence,False
1523,3.93,3.43,Silence,False
1524,4.84,5.62,Burst,True
1525,1.65,6.35,Silence,False
1526,5.78,9.02,Burst,False
1527,2.73,3.04,Silence,True
1528,5.86,2.2,Silence,False
1529,5.42,2.83,Down,True
1530,1.25,7.05,Normal,False
1531,2.98,2.75,Down,False
1532,4.54,6.36,Burst,True
1533,4.35,1.95,Silence,True
1534,0.92,9.12,Burst,False
1535,2.05,8.29,Down,False
1536,4.79,0.67,Normal,False
1537,5.71,8.68,Silence,True
1538,3.27,4.96,Down,False
1539,4.38,3.26,Silence,True
1540,2.24,0.47,Burst,True
1541,0.45,1.71,Burst,False
1542,3.04,9.56,Down,False
1543,0.16,7.16,Normal,False
1544,1.91,0.2,Normal,True
1545,3.95,9.97,Silence,False
1546,1.44,8.08,Burst,True
1547,3.78,8.66,Down,False
1548,3.6,2.24,Silence,False
1549,1.97,9.56,Silence,False
1550,3.91,5.78,Burst,True
1551,4.19,3.39,Burst,True
1552,5.13,4.87,Silence,False
1553,4.38,9.7,Burst,True
1554,5.89,9.46,Normal,True
1555,3.44,9.36,Burst,True
1556,4.96,2.67,Silence,False
1557,1.89,5.2,Normal,True
1558,0.1,9.26,Burst,True
1559,2.11,2.95,Normal,False
1560,5.31,2.6,Normal,True
1561,3.57,8.15,Normal,True
1562,2.6,7.4,Down,False
1563,0.07,2.96,Down,True
1564,4.93,1.6,Normal,True
1565,1.11,9.05,Silence,False
1566,2.71,4.17,Burst,True
1567,1.89,7.24,Silence,True
1568,5.47,4.18,Normal,False
1569,1.39,2.64,Silence,False
1570,0.46,8.26,Down,True
1571,3.42,3.74,Down,True
1572,4.67,0.79,Burst,False
1573,1.93,1.85,Down,True
1574,4.66,0.19,Burst,True
1575,3.49,6.88,Silence,False
1576,5.95,4.69,Normal,False
1577,0.65,4.05,Normal,True
1578,2.5,5.58,Normal,True
1579,4.13,4.16,Normal,True
1580,0.92,4.78,Silence,True
1581,2.5,4.38,Burst,True
1582,2.91,6.01,Down,True
1583,3.93,5.51,Silence,False
1584,3.59,7.25,Burst,True
1585,5.17,5.11,Silence,False
1586,4.32,0.99,Normal,True
1587,1.69,1.3,Normal,True
1588,5.21,3.32,Normal,False
1589,5.38,10.0,Burst,False
1590,2.58,7.78,Silence,True
1591,5.64,3.65,Silence,False
1592,2.88,2.07,Silence,False
1593,0.09,3.95,Silence,False
1594,4.96,2.55,Down,False
1595,0.73,8.31,Burst,False
1596,1.94,9.33,Silence,False
1597,1.31,7.58,Burst,True
1598,3.53,4.09,Silence,False
1599,2.34,5.81,Silence,False
1600,5.79,4.03,Burst,True
1601,2.01,3.32,Burst,True
1602,5.55,0.11,Down,True
1603,0.13,3.84,Burst,False
1604,2.06,6.66,Normal,True
1605,0.55,8.21,Normal,False
1606,3.84,8.76,Down,False
1607,5.86,5.98,Normal,True
1608,3.07,4.83,Silence,True
1609,2.21,6.92,Silence,True
1610,5.75,5.86,Burst,False
1611,1.6,5.35,Normal,True
1612,5.69,6.08,Silence,True
1613,3.53,0.14,Normal,True
1614,0.39,7.61,Normal,True
1615,4.32,8.02,Silence,True
1616,4.0,4.76,Silence,True
1617,5.59,1.51,Silence,False
1618,1.48,6.11,Burst,False
1619,0.99,4.46,Burst,False
1620,1.07,2.01,Down,True
1621,1.77,5.78,Down,False
1622,1.24,4.81,Burst,False
1623,3.82,5.36,Burst,True
1624,3.31,5.0,Down,True
1625,1.89,9.89,Burst,False
1626,0.61,6.44,Silence,False
1627,1.98,5.43,Down,True
1628,5.13,8.4,Burst,True
1629,0.14,4.53,Burst,False
1630,4.22,7.83,Normal,True
1631,5.37,8.09,Down,False
1632,2.08,9.99,Normal,True
1633,4.88,5.21,Burst,False
1634,4.81,7.78,Normal,True
1635,5.87,6.05,Silence,False
1636,2.24,1.17,Down,True
1637,2.99,1.11,Silence,True
1638,4.94,9.86,Silence,True
1639,1.99,4.93,Down,True
1640,3.2,4.64,Silence,False
1641,4.21,1.12,Silence,False
1642,5.52,7.29,Burst,False
1643,3.36,0.63,Normal,False
1644,0.46,0.71,Normal,False
1645,0.2,6.55,Burst,False
1646,3.47,1.54,Burst,False
1647,5.31,0.46,Down,True
1648,4.28,8.38,Down,False
1649,2.21,2.54,Burst,True
1650,5.03,5.07,Silence,False
1651,1.42,9.72,Silence,False
1652,2.27,6.46,Down,False
1653,4.03,0.28,Silence,False
1654,4.66,2.8,Burst,True
1655,4.41,4.53,Down,False
1656,5.36,9.34,Burst,False
1657,5.35,0.28,Normal,True
1658,5.11,8.95,Silence,True
1659,1.14,2.35,Burst,False
1660,0.0,3.23,Down,False
1661,2.83,9.64,Down,True
1662,1.27,0.89,Silence,True
1663,0.84,1.3,Normal,False
1664,1.95,6.54,Silence,True
1665,1.77,5.6,Down,False
1666,4.33,8.85,Silence,False
1667,1.83,4.58,Burst,True
1668,3.9,4.1,Down,True
1669,0.83,8.75,Burst,False
1670,4.7,6.72,Normal,False
1671,2.9,1.74,Down,False
1672,2.25,1.05,Down,True
1673,5.11,8.21,Down,True
1674,5.35,3.52,Normal,True
1675,1.56,1.55,Down,True
1676,0.57,7.91,Normal,True
1677,0.8,5.94,Silence,False
1678,5.79,9.75,Burst,True
1679,1.71,0.09,Down,True
1680,4.09,5.46,Down,True
1681,0.93,6.47,Silence,False
1682,3.72,7.54,Down,True
1683,3.54,1.43,Normal,False
1684,2.25,6.08,Silence,True
1685,1.63,5.66,Silence,False
1686,2.43,9.54,Burst,False
1687,5.79,9.88,Normal,True
1688,4.92,2.99,Normal,False
1689,0.98,3.48,Silence,False
1690,2.12,0.99,Silence,True
1691,4.95,6.6,Normal,False
1692,3.3,8.04,Silence,True
1693,5.45,2.76,Down,True
1694,0.23,2.22,Silence,True
1695,1.41,8.88,Down,False
1696,4.19,5.13,Down,False
1697,4.0,2.58,Burst,True
1698,4.26,1.09,Down,False
1699,4.34,1.37,Silence,False
1700,0.06,1.65,Normal,False
1701,5.72,4.69,Silence,False
1702,3.39,1.21,Normal,True
1703,4.53,1.22,Normal,True
1704,4.19,7.39,Silence,False
1705,5.37,6.77,Down,False
1706,3.52,2.87,Silence,True
1707,0.27,2.71,Silence,False
1708,3.44,3.1,Burst,True
1709,5.55,4.45,Burst,True
1710,0.5,2.28,Silence,True
1711,4.81,4.46,Down,True
1712,2.2,5.91,Down,False
1713,2.09,0.1,Silence,False
1714,2.36,5.17,Normal,True
1715,2.11,5.46,Down,False
1716,1.19,2.35,Burst,True
1717,2.84,3.3,Silence,False
1718,5.27,0.83,Burst,False
1719,4.86,2.05,Normal,False
1720,3.92,6.26,Normal,False
1721,1.58,8.87,Normal,False
1722,4.73,1.49,Burst,True
1723,4.32,3.76,Normal,True
1724,5.97,7.23,Burst,True
1725,2.27,5.07,Burst,True
1726,5.46,6.81,Silence,False
1727,5.46,0.61,Normal,False
1728,0.64,0.62,Normal,False
1729,3.17,6.35,Burst,True
1730,0.41,1.47,Normal,False
1731,5.26,1.4,Normal,False
1732,2.78,0.25,Down,True
1733,2.65,5.78,Down,True
1734,3.96,7.22,Down,True
1735,3.44,2.45,Normal,False
1736,1.42,3.85,Silence,True
1737,1.7,1.36,Down,False
1738,0.97,9.1,Normal,True
1739,4.61,9.56,Down,False
1740,1.89,8.32,Silence,False
1741,4.84,0.49,Down,True
1742,4.31,5.77,Down,True
1743,0.58,3.74,Silence,False
1744,3.07,8.56,Silence,True
1745,3.49,7.1,Normal,False
1746,2.88,1.49,Burst,False
1747,1.45,8.65,Silence,False
1748,5.51,7.11,Normal,True
1749,0.24,6.16,Normal,False
1750,3.7,0.8,Silence,False
1751,3.97,9.88,Normal,False
1752,2.49,9.44,Silence,False
1753,0.7,4.76,Burst,True
1754,4.7,9.49,Down,False
1755,1.97,3.58,Normal,True
1756,4.86,4.12,Silence,False
1757,4.19,4.34,Burst,False
1758,3.23,6.26,Normal,True
1759,2.2,4.25,Silence,False
1760,5.12,3.9,Silence,False
1761,4.85,5.54,Burst,True
1762,5.73,1.32,Silence,False
1763,2.96,7.67,Down,False
1764,5.32,0.25,Normal,False
1765,2.34,7.36,Silence,True
1766,5.59,0.26,Down,True
1767,0.31,7.89,Down,True
1768,1.16,3.32,Down,False
1769,5.14,6.32,Normal,True
1770,4.77,4.59,Burst,False
1771,4.75,3.66,Burst,True
1772,5.09,0.08,Down,True
1773,5.91,2.95,Silence,False
1774,5.04,0.91,Down,False
1775,3.23,6.21,Down,False
1776,4.47,1.12,Silence,False
1777,4.51,3.73,Down,True
1778,4.37,6.82,Normal,False
1779,1.4,4.47,Normal,False
1780,4.36,4.48,Silence,False
1781,4.55,3.28,Normal,False
1782,1.27,3.92,Down,True
1783,5.69,3.32,Silence,False
1784,5.7,2.06,Down,False
1785,5.61,6.68,Silence,False
1786,1.84,3.66,Silence,True
1787,5.78,1.72,Silence,False
1788,1.96,8.56,Normal,True
1789,1.4,6.65,Burst,True
1790,1.35,5.68,Silence,True
1791,1.16,3.9,Burst,False
1792,3.6,3.17,Down,True
1793,0.34,6.6,Normal,True
1794,4.65,3.23,Silence,False
1795,2.43,4.64,Silence,True
1796,5.17,5.03,Normal,True
1797,4.93,8.57,Silence,True
1798,1.56,7.87,Silence,False
1799,1.33,0.4,Burst,False
1800,2.06,8.72,Silence,True
1801,0.46,6.74,Silence,True
1802,3.69,4.4,Burst,False
1803,5.58,7.74,Normal,True
1804,0.36,8.13,Normal,True
1805,1.09,7.31,Normal,False
1806,0.28,4.07,Burst,True
1807,1.82,6.78,Burst,False
1808,1.08,3.0,Burst,False
1809,5.35,2.84,Normal,False
1810,3.86,2.76,Down,True
1811,1.51,6.75,Burst,True
1812,3.0,0.68,Burst,True
1813,5.47,6.74,Down,True
1814,1.65,4.35,Burst,False
1815,5.17,5.89,Normal,True
1816,5.49,9.56,Normal,False
1817,5.43,0.92,Silence,True
1818,1.12,8.64,Silence,True
1819,2.9,5.01,Normal,False
1820,3.22,1.51,Down,False
1821,4.25,7.69,Normal,True
1822,0.22,9.72,Silence,False
1823,3.55,0.7,Normal,True
1824,4.15,9.95,Normal,False
1825,2.71,6.3,Down,True
1826,1.05,6.17,Normal,False
1827,2.4,2.58,Normal,True
1828,0.56,0.42,Silence,True
1829,1.12,0.21,Burst,False
1830,0.11,7.44,Silence,True
1831,4.65,4.36,Silence,True
1832,0.87,0.63,Burst,True
1833,0.16,6.73,Silence,False
1834,2.63,0.57,Silence,True
1835,4.48,9.76,Normal,True
1836,0.31,5.92,Burst,False
1837,3.99,4.79,Silence,False
1838,3.34,3.92,Silence,False
1839,2.97,7.23,Down,True
1840,3.57,8.62,Silence,True
1841,2.18,5.04,Burst,False
1842,0.6,9.28,Normal,False
1843,0.31,7.62,Silence,True
1844,0.82,4.63,Silence,True
1845,3.76,2.62,Burst,True
1846,2.33,5.14,Down,False
1847,4.53,2.87,Silence,True
1848,1.16,1.91,Normal,False
1849,3.11,3.28,Burst,False
1850,1.68,1.8,Down,False
1851,5.06,3.43,Normal,True
1852,2.19,2.59,Down,True
1853,0.11,5.04,Burst,False
1854,0.99,7.62,Silence,True
1855,4.57,3.05,Silence,True
1856,2.13,0.16,Silence,False
1857,1.06,6.56,Burst,True
1858,5.6,6.23,Burst,True
1859,4.26,0.83,Normal,False
1860,4.27,3.16,Normal,True
1861,3.93,4.16,Silence,False
1862,2.16,8.68,Silence,False
1863,4.53,6.0,Down,True
1864,2.65,6.37,Burst,True
1865,3.13,2.65,Normal,False
1866,4.09,2.91,Down,False
1867,2.88,8.78,Silence,True
1868,4.08,5.32,Normal,False
1869,3.45,4.14,Silence,False
1870,5.92,9.49,Silence,True
1871,2.17,3.29,Silence,False
1872,5.98,5.31,Burst,False
1873,3.63,7.12,Silence,False
1874,5.2,6.69,Burst,True
1875,2.37,5.28,Silence,True
1876,5.4,3.22,Normal,False
1877,5.14,6.71,Silence,False
1878,3.3,5.23,Burst,True
1879,0.46,1.88,Down,True
1880,5.68,9.7,Burst,False
1881,0.73,8.22,Burst,True
1882,1.18,2.4,Burst,False
1883,5.3,5.89,Silence,True
1884,0.84,8.47,Burst,True
1885,1.47,8.7,Normal,True
1886,1.07,3.27,Down,True
1887,3.01,6.11,Normal,False
1888,2.28,0.72,Silence,False
1889,3.61,3.01,Normal,True
1890,3.27,8.94,Down,True
1891,4.52,4.42,Down,True
1892,2.82,6.68,Down,False
1893,1.55,3.68,Silence,False
1894,1.61,4.02,Silence,False
1895,2.9,9.52,Down,False
1896,5.56,3.89,Normal,False
1897,2.8,2.73,Burst,True
1898,5.46,9.0,Silence,False
1899,5.21,2.1,Down,False
1900,0.86,2.03,Down,True
1901,2.0,6.27,Silence,False
1902,2.65,3.65,Burst,True
1903,0.79,6.04,Burst,False
1904,4.61,4.15,Down,True
1905,5.78,6.17,Down,False
1906,0.31,4.75,Silence,False
1907,4.33,6.16,Down,True
1908,3.54,1.01,Normal,True
1909,5.72,6.54,Normal,True
1910,1.89,7.58,Normal,False
1911,5.28,3.28,Normal,True
1912,4.33,5.37,Normal,False
1913,3.05,8.36,Normal,True
1914,0.06,2.16,Burst,True
1915,3.82,1.13,Normal,True
1916,4.53,0.25,Burst,False
1917,0.79,0.78,Silence,False
1918,0.82,2.76,Silence,True
1919,4.07,2.26,Silence,False
1920,3.06,6.86,Down,False
1921,3.14,1.33,Burst,True
1922,1.8,9.02,Silence,False
1923,3.72,6.94,Normal,False
1924,3.17,4.14,Silence,False
1925,4.83,2.82,Normal,True
1926,1.7,3.33,Burst,False
1927,2.5,0.74,Silence,True
1928,2.5,2.12,Burst,False
1929,3.57,4.7,Burst,False
1930,5.87,2.44,Normal,True
1931,2.44,1.48,Silence,False
1932,3.09,3.99,Silence,True
1933,4.55,7.91,Down,True
1934,4.14,5.7,Down,True
1935,1.97,4.35,Burst,True
1936,1.39,7.45,Down,True
1937,5.14,7.08,Burst,False
1938,3.26,9.6,Down,True
1939,1.49,1.99,Burst,True
1940,1.06,5.71,Down,False
1941,5.78,0.52,Silence,True
1942,5.88,8.15,Normal,True
1943,5.84,1.39,Normal,True
1944,0.4,2.98,Normal,True
1945,0.78,5.73,Normal,True
1946,3.69,4.32,Normal,True
1947,3.2,8.49,Down,True
1948,4.97,7.45,Silence,True
1949,0.66,8.9,Silence,False
1950,2.93,9.95,Burst,True
1951,0.85,1.06,Normal,True
1952,4.18,7.07,Burst,True
1953,1.18,6.55,Burst,True
1954,4.83,8.0,Normal,True
1955,0.68,7.52,Down,True
1956,5.69,2.75,Down,True
1957,0.87,3.71,Silence,True
1958,3.29,9.42,Down,True
1959,0.06,7.65,Silence,False
1960,5.56,8.55,Normal,False
1961,4.22,5.6,Normal,False
1962,3.98,7.67,Silence,False
1963,5.75,4.34,Silence,False
1964,4.34,3.02,Burst,False
1965,5.37,1.94,Burst,True
1966,1.88,3.28,Burst,False
1967,4.09,4.53,Burst,False
1968,0.51,8.76,Silence,True
1969,5.84,1.49,Burst,False
1970,0.13,9.65,Silence,False
1971,4.21,0.49,Normal,True
1972,3.24,2.48,Silence,False
1973,5.9,6.44,Down,True
1974,2.49,6.53,Down,False
1975,1.92,5.45,Silence,False
1976,2.84,5.44,Down,False
1977,4.64,5.77,Silence,False
1978,5.76,1.03,Normal,True
1979,1.35,5.03,Burst,False
1980,0.7,0.45,Normal,False
1981,1.03,1.73,Normal,False
1982,1.85,6.14,Burst,False
1983,4.99,5.31,Normal,True
1984,5.67,5.21,Silence,True
1985,3.21,2.91,Normal,False
1986,0.29,4.48,Down,False
1987,0.81,6.88,Silence,False
1988,4.12,8.05,Burst,False
1989,1.07,7.7,Normal,False
1990,3.25,0.45,Down,True
1991,3.43,0.42,Down,True
1992,0.69,6.7,Normal,False
1993,0.06,10.0,Burst,True
1994,4.64,0.99,Burst,True
1995,0.96,3.68,Burst,True
1996,4.02,2.59,Down,False
1997,3.04,9.04,Silence,True
1998,2.99,4.06,Burst,False
1999,1.61,7.87,Silence,False
2000,1.08,0.06,Burst,False
2001,0.59,0.58,Silence,True
2002,5.62,0.04,Down,False
2003,1.42,2.48,Down,False
2004,0.02,4.69,Down,False
2005,5.47,4.33,Silence,False
2006,0.43,0.93,Down,True
2007,5.24,2.59,Silence,False
2008,0.21,8.2,Down,True
2009,0.89,6.16,Down,False
2010,3.55,4.56,Down,True
2011,4.15,5.43,Down,True
2012,2.0,4.9,Silence,True
2013,3.84,3.62,Silence,False
2014,3.85,9.6,Normal,True
2015,3.52,7.57,Normal,True
2016,1.73,5.57,Normal,False
2017,3.19,5.25,Down,True
2018,1.55,6.51,Burst,True
2019,3.28,2.4,Silence,False
2020,0.69,5.26,Normal,False
2021,3.1,1.9,Down,True
2022,5.01,1.44,Burst,False
2023,0.57,9.49,Normal,False
2024,2.39,6.74,Normal,True
2025,5.01,5.21,Normal,True
2026,5.0,6.93,Burst,True
2027,1.27,7.91,Down,False
2028,4.04,8.96,Burst,True
2029,3.04,0.13,Silence,True
2030,2.8,0.64,Normal,False
2031,2.27,6.12,Burst,False
2032,5.09,2.62,Normal,False
2033,2.86,0.31,Down,True
2034,4.89,7.2,Silence,False
2035,3.6,3.76,Normal,False
2036,5.87,6.53,Silence,True
2037,3.78,1.89,Down,True
2038,2.66,2.22,Silence,False
2039,3.42,5.83,Down,False
2040,3.31,4.07,Down,True
2041,2.79,0.78,Down,True
2042,2.25,6.44,Burst,False
2043,4.06,7.76,Normal,False
2044,0.55,8.61,Normal,False
2045,0.89,4.69,Burst,True
2046,5.75,9.35,Down,True
2047,1.3,1.86,Burst,True
2048,2.71,7.72,Normal,True
2049,4.16,5.43,Down,False
2050,4.79,2.0,Down,False
2051,3.34,9.94,Down,True
2052,1.21,8.53,Down,False
2053,3.57,8.01,Down,False
2054,0.09,8.37,Normal,False
2055,5.68,3.57,Silence,True
2056,3.42,1.14,Burst,False
2057,5.31,9.69,Down,True
2058,1.78,3.11,Normal,True
2059,4.83,1.87,Silence,True
2060,3.09,7.72,Silence,False
2061,2.96,5.11,Down,False
2062,3.32,4.06,Normal,False
2063,0.19,5.86,Normal,True
2064,3.18,2.89,Burst,False
2065,5.19,8.94,Normal,False
2066,3.18,9.52,Down,True
2067,3.55,8.33,Burst,True
2068,2.34,5.48,Normal,True
2069,3.09,9.48,Silence,False
2070,5.4,9.73,Down,True
2071,5.02,5.81,Burst,True
2072,5.01,1.04,Burst,False
2073,3.83,6.35,Burst,True
2074,0.17,3.3,Silence,False
2075,3.7,0.51,Normal,True
2076,2.46,5.41,Burst,True
2077,0.03,4.96,Burst,False
2078,0.4,8.19,Normal,False
2079,2.74,1.42,Silence,True
2080,0.4,4.25,Normal,False
2081,2.59,4.84,Normal,True
2082,1.09,2.23,Normal,True
2083,2.05,3.05,Down,False
2084,4.67,8.64,Silence,True
2085,5.31,5.26,Normal,False
2086,0.06,5.76,Down,False
2087,4.2,7.35,Down,True
2088,2.6,6.15,Burst,True
2089,4.09,4.79,Burst,True
2090,2.1,6.76,Silence,True
2091,1.4,4.18,Down,False
2092,2.36,9.36,Silence,False
2093,1.77,0.87,Silence,True
2094,4.66,6.69,Normal,True
2095,5.79,0.98,Burst,False
2096,1.32,2.21,Burst,False
2097,2.55,4.38,Silence,True
2098,4.14,5.67,Silence,False
2099,0.06,6.34,Down,False
2100,3.9,8.04,Burst,True
2101,2.22,2.36,Burst,False
2102,4.41,8.68,Normal,True
2103,5.16,4.57,Normal,False
2104,2.63,9.46,Silence,False
2105,1.74,0.14,Burst,True
2106,1.38,6.39,Normal,False
2107,4.57,6.18,Normal,False
2108,3.68,5.28,Silence,True
2109,1.83,0.01,Normal,False
2110,1.92,5.89,Normal,False
2111,1.81,9.08,Normal,True
2112,0.5,7.31,Burst,False
2113,1.39,8.72,Silence,False
2114,3.57,7.59,Silence,False
2115,5.93,5.93,Normal,True
2116,5.33,4.47,Silence,True
2117,3.44,3.27,Burst,False
2118,3.59,9.3,Down,False
2119,4.04,9.59,Normal,False
2120,2.71,1.4,Normal,True
2121,0.99,6.05,Burst,False
2122,2.95,7.63,Normal,False
2123,1.08,3.1,Silence,False
2124,3.01,2.92,Down,True
2125,0.97,3.39,Silence,True
2126,0.15,6.51,Burst,True
2127,4.31,5.09,Burst,False
2128,5.7,4.19,Down,False
2129,1.32,7.4,Burst,False
2130,3.82,8.55,Normal,True
2131,3.36,3.64,Burst,False
2132,1.57,0.82,Silence,False
2133,4.39,1.87,Burst,True
2134,4.57,2.36,Burst,False
2135,4.48,3.28,Burst,True
2136,0.7,6.95,Normal,True
2137,0.57,3.02,Silence,False
2138,0.36,2.54,Silence,True
2139,4.54,4.04,Normal,False
2140,1.98,8.17,Silence,True
2141,3.34,6.26,Silence,False
2142,5.94,9.08,Burst,True
2143,1.67,5.78,Normal,False
2144,4.02,3.59,Normal,True
2145,3.45,7.59,Normal,False
2146,0.81,9.2,Normal,False
2147,2.87,7.4,Silence,True
2148,5.46,2.2,Normal,True
2149,0.03,3.93,Down,False
2150,0.24,9.07,Silence,False
2151,5.36,4.02,Down,False
2152,5.08,5.35,Burst,True
2153,1.45,4.15,Normal,False
2154,4.69,8.82,Burst,False
2155,0.11,2.0,Silence,False
2156,0.87,3.58,Normal,False
2157,3.22,4.38,Normal,False
2158,3.09,5.09,Normal,True
2159,4.12,8.69,Burst,False
2160,4.26,3.67,Silence,False
2161,0.73,6.99,Burst,False
2162,1.23,3.04,Down,True
2163,5.94,1.12,Burst,False
2164,3.74,9.56,Silence,True
2165,5.37,9.33,Down,False
2166,3.19,8.09,Burst,False
2167,2.31,5.91,Burst,False
2168,3.36,5.92,Silence,False
2169,4.24,5.26,Silence,False
2170,3.22,1.24,Silence,False
2171,4.6,9.66,Silence,True
2172,3.83,4.76,Burst,True
2173,0.17,4.16,Burst,True
2174,5.55,7.09,Burst,True
2175,3.32,3.68,Burst,True
2176,1.13,4.56,Down,False
2177,0.14,5.69,Down,True
2178,3.7,5.91,Normal,True
2179,3.74,0.87,Down,False
2180,5.89,8.15,Silence,True
2181,4.42,2.3,Down,True
2182,1.28,5.21,Burst,True
2183,1.86,9.78,Burst,False
2184,2.51,1.46,Silence,False
2185,1.0,3.65,Down,False
2186,3.24,7.92,Burst,True
2187,4.67,1.74,Down,False
2188,1.29,7.87,Burst,False
2189,3.04,2.91,Normal,True
2190,4.96,7.42,Normal,True
2191,1.17,5.07,Normal,True
2192,3.37,1.47,Burst,True
2193,1.85,0.12,Silence,True
2194,3.78,9.78,Normal,True
2195,2.45,6.69,Silence,True
2196,1.92,5.82,Burst,False
2197,5.31,2.77,Down,False
2198,5.2,6.39,Burst,True
2199,2.1,5.98,Burst,True
2200,4.57,0.54,Silence,False
2201,1.33,2.16,Down,True
2202,1.87,6.64,Normal,False
2203,5.51,5.82,Down,True
2204,5.04,0.14,Silence,False
2205,5.91,9.73,Burst,True
2206,1.97,4.52,Normal,True
2207,5.25,2.35,Normal,False
2208,2.72,7.27,Down,False
2209,3.9,7.88,Normal,False
2210,3.59,7.31,Down,True
2211,3.05,8.19,Silence,True
2212,5.51,5.3,Burst,True
2213,1.2,7.05,Silence,True
2214,4.98,3.01,Normal,True
2215,0.72,0.73,Silence,False
2216,5.57,1.45,Silence,False
2217,2.1,1.64,Silence,True
2218,0.54,6.7,Burst,True
2219,0.8,7.82,Down,True
2220,3.5,9.34,Silence,True
2221,1.85,2.23,Normal,True
2222,1.87,9.56,Down,False
2223,5.47,9.75,Normal,True
2224,0.74,6.03,Burst,True
2225,5.04,3.24,Burst,False
2226,0.35,4.56,Burst,True
2227,4.29,1.89,Normal,False
2228,2.96,1.19,Normal,True
2229,0.28,0.62,Normal,False
2230,0.18,1.52,Burst,False
2231,3.3,2.29,Normal,False
2232,3.86,9.78,Burst,False
2233,3.02,9.99,Silence,True
2234,3.88,7.73,Normal,True
2235,2.64,8.02,Down,False
2236,0.39,3.44,Silence,False
2237,3.3,3.76,Burst,True
2238,4.95,6.58,Down,False
2239,2.26,1.69,Normal,True
2240,2.73,3.54,Down,True
2241,4.9,5.68,Burst,False
2242,2.93,5.13,Burst,False
2243,3.22,3.53,Burst,True
2244,2.78,7.7,Silence,True
2245,4.54,6.72,Normal,False
2246,3.89,7.76,Down,True
2247,4.83,7.07,Normal,False
2248,1.87,5.11,Silence,False
2249,2.39,5.28,Normal,False
2250,2.52,8.22,Burst,True
2251,2.22,7.7,Down,False
2252,3.34,0.84,Burst,True
2253,5.13,0.55,Normal,True
2254,1.55,1.1,Down,False
2255,1.08,8.3,Burst,True
2256,0.08,9.59,Down,True
2257,0.47,3.61,Down,True
2258,2.57,2.94,Burst,True
2259,3.16,2.2,Burst,False
2260,5.72,5.03,Burst,False
2261,2.22,7.17,Normal,True
2262,1.17,1.27,Normal,False
2263,3.72,9.61,Normal,True
2264,4.32,8.82,Down,False
2265,4.75,5.36,Normal,True
2266,3.9,6.31,Normal,True
2267,0.67,5.93,Burst,False
2268,4.74,7.52,Silence,False
2269,1.06,2.2,Down,True
2270,5.61,6.76,Silence,False
2271,4.42,5.03,Normal,True
2272,2.22,6.79,Burst,True
2273,1.66,9.48,Burst,True
2274,1.85,7.04,Down,False
2275,4.21,7.3,Silence,False
2276,0.47,5.69,Normal,False
2277,4.98,4.42,Silence,False
2278,3.92,3.51,Down,False
2279,1.53,6.61,Down,True
2280,4.6,3.43,Down,False
2281,2.03,1.79,Down,True
2282,5.9,8.7,Burst,False
2283,5.87,5.6,Burst,False
2284,3.92,0.09,Down,False
2285,0.08,3.36,Burst,False
2286,2.13,6.52,Silence,False
2287,3.45,4.27,Down,True
2288,4.82,3.12,Down,False
2289,1.2,4.86,Normal,True
2290,0.24,1.5,Burst,False
2291,3.61,6.27,Silence,False
2292,2.05,7.12,Normal,False
2293,1.61,9.15,Silence,True
2294,5.36,4.08,Silence,False
2295,4.88,9.28,Silence,False
2296,2.71,8.69,Down,False
2297,1.72,4.64,Down,True
2298,4.95,4.57,Silence,False
2299,3.56,9.03,Down,True
2300,1.25,1.59,Normal,True
2301,4.33,8.29,Down,True
2302,4.59,7.42,Down,False
2303,5.77,5.62,Burst,True
2304,2.09,3.58,Down,False
2305,5.5,9.46,Silence,True
2306,1.93,7.5,Burst,True
2307,4.54,9.93,Silence,True
2308,5.1,8.34,Burst,False
2309,3.55,4.37,Burst,True
2310,0.82,8.83,Burst,True
2311,2.8,7.13,Silence,False
2312,2.01,2.85,Normal,False
2313,1.85,2.35,Down,True
2314,4.32,3.46,Burst,False
2315,0.33,6.63,Down,False
2316,4.19,3.95,Silence,False
2317,1.36,1.9,Burst,False
2318,1.03,0.78,Burst,True
2319,2.69,9.51,Normal,True
2320,5.36,8.51,Silence,True
2321,5.58,8.87,Down,True
2322,5.65,9.58,Normal,False
2323,3.26,0.76,Normal,True
2324,4.5,9.51,Burst,False
2325,2.74,0.6,Down,True
2326,4.37,8.86,Down,False
2327,0.37,4.15,Down,True
2328,1.08,5.1,Silence,False
2329,0.21,3.83,Normal,False
2330,0.09,7.43,Silence,True
2331,0.17,2.61,Silence,True
2332,4.14,1.38,Normal,True
2333,3.65,5.79,Silence,True
2334,0.61,1.04,Silence,True
2335,4.52,2.23,Burst,False
2336,1.64,9.79,Silence,True
2337,1.92,3.91,Silence,True
2338,0.53,2.49,Normal,True
2339,2.25,1.4,Normal,True
2340,3.22,2.31,Silence,False
2341,5.28,4.75,Burst,True
2342,4.43,0.36,Silence,True
2343,0.44,0.58,Down,False
2344,2.5,1.42,Burst,False
2345,0.61,4.06,Silence,False
2346,4.2,4.75,Normal,True
2347,5.21,2.55,Normal,False
2348,3.19,8.95,Silence,False
2349,5.4,3.27,Burst,False
2350,3.63,5.61,Normal,True
2351,4.16,3.99,Normal,True
2352,2.36,7.37,Normal,False
2353,2.71,1.98,Burst,False
2354,2.42,0.31,Silence,False
2355,0.74,0.91,Down,False
2356,4.98,8.74,Normal,True
2357,1.81,9.64,Down,False
2358,1.83,7.96,Silence,True
2359,0.43,3.26,Burst,True
2360,3.47,5.56,Burst,True
2361,0.8,8.78,Down,True
2362,2.16,1.15,Burst,True
2363,4.66,8.54,Burst,False
2364,0.16,7.77,Down,False
2365,5.35,1.42,Burst,True
2366,5.78,6.8,Burst,False
2367,3.7,9.01,Down,True
2368,2.57,4.29,Silence,False
2369,3.13,3.37,Normal,True
2370,4.05,0.55,Normal,False
2371,1.44,8.52,Down,False
2372,3.06,7.73,Normal,False
2373,5.93,4.77,Burst,True
2374,3.3,4.02,Silence,True
2375,1.02,9.85,Burst,False
2376,0.69,1.68,Silence,True
2377,3.98,8.3,Down,False
2378,3.54,2.87,Silence,True
2379,0.95,4.04,Silence,False
2380,3.82,3.01,Silence,False
2381,1.94,7.28,Silence,False
2382,4.33,3.18,Normal,True
2383,3.33,4.15,Silence,False
2384,2.54,5.4,Down,True
2385,5.78,0.76,Silence,False
2386,3.83,7.65,Burst,False
2387,3.87,9.45,Down,True
2388,1.05,9.27,Normal,False
2389,5.77,6.4,Normal,False
2390,0.41,0.52,Down,False
2391,4.63,2.01,Down,True
2392,3.4,4.24,Silence,False
2393,1.56,9.97,Burst,False
2394,5.74,0.33,Silence,True
2395,4.18,2.52,Silence,True
2396,4.94,6.87,Down,False
2397,1.37,0.75,Burst,True
2398,0.03,0.2,Silence,False
2399,2.99,9.96,Silence,False
2400,3.1,7.92,Down,False
2401,0.9,5.65,Normal,True
2402,4.65,1.14,Silence,False
2403,5.72,4.11,Burst,True
2404,0.56,3.36,Burst,False
2405,3.98,4.45,Burst,True
2406,1.03,7.19,Silence,False
2407,0.3,8.75,Silence,False
2408,1.56,1.44,Normal,True
2409,0.67,6.34,Burst,True
2410,5.74,3.02,Burst,True
2411,0.35,4.31,Silence,True
2412,4.79,2.05,Silence,True
2413,4.88,9.98,Silence,True
2414,3.98,7.09,Burst,True
2415,5.39,0.47,Silence,True
2416,1.93,6.79,Burst,False
2417,3.23,7.44,Down,False
2418,4.26,5.93,Down,False
2419,5.64,3.45,Down,True
2420,3.23,4.61,Silence,False
2421,3.31,1.65,Burst,False
2422,3.19,1.54,Down,True
2423,2.11,9.82,Down,False
2424,1.4,5.69,Burst,True
2425,4.65,7.34,Down,False
2426,4.46,4.29,Silence,False
2427,1.4,3.16,Normal,False
2428,4.59,1.05,Burst,False
2429,5.09,2.09,Down,True
2430,1.78,2.45,Down,True
2431,0.98,9.13,Burst,True
2432,5.5,5.52,Normal,True
2433,4.53,7.62,Down,False
2434,5.77,6.61,Burst,False
2435,2.95,3.07,Normal,True
2436,1.03,1.61,Down,True
2437,4.16,4.02,Normal,False
2438,1.28,9.16,Burst,False
2439,4.72,4.03,Down,True
2440,5.67,1.26,Down,False
2441,1.98,5.69,Down,True
2442,5.89,2.84,Normal,True
2443,1.98,1.78,Normal,False
2444,4.48,1.8,Silence,True
2445,0.59,3.87,Normal,True
2446,2.4,5.04,Normal,False
2447,3.51,9.16,Silence,False
2448,1.85,4.37,Normal,False
2449,2.75,6.86,Silence,True
2450,5.51,2.5,Silence,False
2451,4.44,1.79,Down,True
2452,1.85,4.14,Normal,False
2453,3.59,8.7,Down,True
2454,4.98,9.46,Silence,False
2455,5.07,4.71,Normal,True
2456,1.3,8.63,Burst,False
2457,2.06,0.83,Silence,True
2458,1.99,8.96,Down,False
2459,0.21,0.43,Normal,True
2460,0.95,6.99,Normal,True
2461,1.63,6.96,Normal,False
2462,1.19,9.98,Normal,True
2463,4.32,7.66,Normal,False
2464,3.98,6.91,Burst,True
2465,1.41,9.39,Normal,False
2466,3.31,1.83,Normal,False
2467,0.98,3.32,Normal,True
2468,3.11,8.47,Burst,False
2469,5.22,3.8,Down,True
2470,5.02,8.14,Burst,True
2471,5.04,2.14,Normal,False
2472,5.74,0.88,Silence,False
2473,3.77,6.54,Down,False
2474,0.79,4.16,Burst,True
2475,4.85,8.84,Down,False
2476,3.17,0.11,Burst,True
2477,1.58,6.82,Normal,False
2478,5.12,8.92,Normal,False
2479,5.55,8.89,Normal,True
2480,1.79,1.66,Normal,False
2481,3.55,3.48,Burst,True
2482,1.12,8.6,Silence,True
2483,3.94,1.36,Down,True
2484,1.29,5.52,Normal,True
2485,2.34,4.88,Normal,True
2486,2.57,1.55,Normal,True
2487,0.81,7.02,Silence,False
2488,1.7,7.35,Burst,True
2489,5.19,3.26,Burst,False
2490,0.83,2.87,Normal,False
2491,4.62,2.93,Silence,True
2492,0.73,3.32,Burst,True
2493,1.16,4.61,Down,True
2494,0.41,4.81,Silence,True
2495,3.11,4.22,Normal,False
2496,3.92,8.77,Burst,False
2497,0.63,0.71,Silence,True
2498,4.71,1.39,Burst,True
2499,1.36,2.29,Normal,True
2500,2.63,7.65,Down,True
2501,5.19,2.6,Down,False
2502,0.37,6.52,Silence,False
2503,0.16,8.61,Down,False
2504,0.04,8.39,Normal,False
2505,4.0,7.01,Burst,False
2506,6.0,7.86,Burst,True
2507,2.67,2.81,Burst,True
2508,0.38,2.83,Down,True
2509,5.06,1.6,Down,False
2510,5.14,0.3,Silence,True
2511,3.65,0.12,Normal,False
2512,3.33,4.77,Down,False
2513,0.69,7.93,Silence,False
2514,3.0,9.31,Silence,False
2515,2.16,9.74,Burst,False
2516,1.84,1.42,Silence,True
2517,4.87,1.69,Down,False
2518,4.37,7.66,Burst,True
2519,2.42,7.25,Burst,False
2520,2.29,0.17,Burst,True
2521,1.85,4.39,Normal,True
2522,5.7,3.3,Burst,True
2523,2.12,7.28,Burst,True
2524,5.16,1.87,Burst,True
2525,2.98,7.76,Down,False
2526,4.68,6.0,Silence,True
2527,1.38,1.08,Silence,False
2528,5.03,0.63,Normal,False
2529,1.1,8.16,Down,False
2530,5.07,6.61,Down,False
2531,1.52,0.51,Normal,True
2532,0.8,8.76,Normal,False
2533,5.75,5.42,Silence,True
2534,4.27,5.65,Burst,False
2535,0.33,3.97,Burst,False
2536,0.89,8.2,Normal,True
2537,2.04,0.75,Normal,False
2538,2.33,9.25,Down,True
2539,1.16,6.74,Silence,True
2540,4.71,6.69,Burst,False
2541,0.41,8.22,Burst,False
2542,5.86,1.39,Burst,True
2543,3.18,6.37,Silence,False
2544,3.06,6.87,Normal,False
2545,3.98,0.52,Down,False
2546,0.9,1.04,Down,False
2547,5.81,5.56,Normal,False
2548,4.92,6.02,Burst,False
2549,4.05,9.2,Normal,True
2550,3.03,5.96,Down,True
2551,4.82,6.73,Silence,True
2552,4.95,6.23,Down,True
2553,4.57,8.32,Normal,False
2554,1.56,6.2,Normal,False
2555,3.86,3.6,Normal,False
2556,4.89,7.85,Down,True
2557,3.12,8.64,Normal,True
2558,2.31,2.45,Silence,False
2559,1.02,9.04,Down,True
2560,0.09,8.07,Down,False
2561,3.72,8.95,Normal,True
2562,3.31,6.08,Silence,False
2563,4.86,2.37,Normal,False
2564,3.93,1.37,Down,False
2565,5.5,2.94,Burst,False
2566,3.09,6.9,Down,True
2567,1.12,2.35,Normal,False
2568,1.07,7.9,Burst,True
2569,4.94,7.38,Down,False
2570,0.26,6.51,Burst,True
2571,4.85,2.91,Down,True
2572,2.41,1.71,Burst,False
2573,5.33,4.38,Normal,True
2574,1.13,8.52,Silence,False
2575,3.79,4.16,Silence,False
2576,5.46,1.6,Down,True
2577,5.59,2.09,Silence,False
2578,2.42,7.44,Burst,False
2579,1.14,4.6,Down,True
2580,5.25,5.4,Normal,False
2581,5.17,2.81,Down,False
2582,0.88,6.99,Down,False
2583,5.11,3.41,Burst,False
2584,0.99,6.12,Normal,True
2585,0.72,1.04,Down,True
2586,5.47,4.47,Burst,False
2587,3.55,2.71,Burst,False
2588,1.37,9.95,Burst,True
2589,0.67,3.26,Silence,True
2590,0.34,6.01,Down,False
2591,2.95,3.08,Silence,False
2592,1.05,2.44,Silence,True
2593,1.77,7.17,Down,True
2594,1.83,8.19,Silence,False
2595,4.05,7.79,Silence,False
2596,3.72,3.48,Down,True
2597,4.11,8.56,Silence,True
2598,2.25,0.16,Silence,False
2599,1.88,1.15,Down,False
2600,4.8,6.48,Burst,True
2601,2.56,6.02,Normal,True
2602,2.98,7.6,Down,False
2603,5.29,6.82,Down,True
2604,0.09,9.15,Burst,True
2605,2.89,1.85,Normal,False
2606,0.82,4.75,Normal,False
2607,1.48,7.29,Burst,False
2608,3.58,0.91,Normal,True
2609,1.59,0.64,Silence,False
2610,1.3,2.61,Normal,False
2611,0.67,2.06,Burst,False
2612,4.73,2.85,Burst,False
2613,0.65,4.48,Silence,True
2614,2.93,7.07,Down,False
2615,0.72,8.86,Burst,False
2616,5.53,1.49,Burst,True
2617,0.97,8.84,Down,False
2618,3.47,9.81,Down,False
2619,5.45,5.36,Burst,False
2620,5.46,9.95,Normal,True
2621,1.69,8.87,Down,False
2622,1.87,9.72,Normal,False
2623,0.33,3.9,Down,False
2624,3.29,9.01,Down,True
2625,1.76,6.38,Burst,False
2626,5.88,1.08,Normal,True
2627,1.83,3.12,Silence,False
2628,1.44,5.38,Silence,False
2629,1.13,4.59,Normal,False
2630,0.3,5.81,Down,True
2631,4.94,0.76,Burst,True
2632,1.28,3.35,Silence,False
2633,1.73,2.28,Down,True
2634,3.43,4.42,Silence,True
2635,3.45,5.39,Normal,False
2636,4.54,3.95,Down,True
2637,1.83,9.15,Normal,True
2638,3.25,9.24,Burst,True
2639,3.79,8.19,Silence,True
2640,4.33,5.14,Silence,False
2641,4.74,8.62,Silence,False
2642,5.46,9.14,Normal,False
2643,1.6,4.66,Burst,True
2644,2.18,1.66,Down,True
2645,3.95,9.32,Silence,True
2646,0.64,4.48,Silence,True
2647,3.74,1.65,Silence,False
2648,1.06,0.52,Normal,False
2649,5.88,4.79,Silence,True
2650,5.84,10.0,Silence,True
2651,4.68,5.64,Down,True
2652,3.72,3.6,Normal,False
2653,0.53,3.24,Silence,False
2654,0.01,4.91,Silence,False
2655,0.38,4.06,Normal,True
2656,3.55,2.53,Normal,False
2657,4.57,4.58,Normal,True
2658,3.31,6.16,Down,False
2659,5.04,1.98,Silence,True
2660,0.0,7.48,Burst,True
2661,3.0,1.24,Down,True
2662,3.8,5.98,Silence,True
2663,2.1,2.87,Silence,False
2664,3.46,6.16,Down,False
2665,1.88,8.52,Burst,True
2666,3.53,1.03,Burst,True
2667,3.72,5.13,Normal,True
2668,2.25,1.16,Burst,True
2669,5.82,1.96,Down,True
2670,2.4,6.7,Burst,False
2671,5.36,1.09,Normal,True
2672,4.88,3.21,Burst,True
2673,0.53,7.69,Normal,False
2674,5.49,9.74,Normal,True
2675,2.44,9.21,Down,True
2676,1.68,7.45,Down,False
2677,3.83,5.25,Silence,False
2678,0.14,8.11,Down,True
2679,0.48,2.08,Normal,True
2680,1.72,6.67,Burst,False
2681,0.94,9.35,Silence,True
2682,5.36,5.86,Silence,False
2683,5.26,9.32,Burst,False
2684,5.2,9.87,Burst,True
2685,0.92,5.11,Normal,True
2686,0.3,3.55,Silence,False
2687,0.65,6.48,Burst,False
2688,0.23,1.19,Silence,True
2689,0.8,0.47,Burst,False
2690,1.64,3.82,Normal,True
2691,4.27,9.13,Normal,True
2692,4.8,3.94,Silence,True
2693,3.66,2.65,Normal,False
2694,3.96,0.47,Down,False
2695,2.27,7.77,Normal,False
2696,0.73,6.02,Normal,False
2697,1.1,2.31,Normal,True
2698,1.46,9.88,Normal,False
2699,2.39,3.65,Normal,False
2700,2.36,2.22,Normal,True
2701,1.98,9.98,Silence,True
2702,5.32,5.53,Silence,False
2703,3.37,4.99,Silence,True
2704,1.46,0.2,Down,False
2705,1.32,4.0,Normal,True
2706,5.59,3.03,Down,False
2707,4.0,7.04,Down,False
2708,5.91,8.86,Silence,True
2709,4.52,3.54,Burst,True
2710,4.01,8.92,Burst,True
2711,5.41,9.92,Burst,True
2712,3.3,5.45,Down,True
2713,4.96,4.42,Burst,False
2714,0.77,5.93,Burst,True
2715,1.0,3.69,Burst,True
2716,1.65,5.07,Silence,False
2717,1.82,5.84,Silence,False
2718,1.53,0.1,Silence,True
2719,4.22,9.7,Burst,True
2720,0.53,7.5,Down,True
2721,4.29,0.68,Burst,True
2722,3.86,5.84,Silence,True
2723,1.61,7.78,Silence,False
2724,4.93,1.67,Normal,False
2725,3.46,5.31,Burst,False
2726,1.54,4.84,Silence,True
2727,5.7,3.23,Down,False
2728,4.54,0.88,Silence,True
2729,2.08,3.51,Burst,False
2730,3.2,2.94,Normal,False
2731,0.51,1.17,Down,True
2732,5.56,5.65,Silence,True
2733,2.56,0.87,Normal,True
2734,0.67,5.3,Burst,False
2735,1.51,5.9,Silence,False
2736,5.61,9.84,Normal,True
2737,3.87,5.16,Down,False
2738,3.48,0.36,Burst,False
2739,3.07,5.86,Burst,True
2740,4.57,8.08,Normal,True
2741,3.57,2.5,Down,False
2742,3.51,4.81,Silence,True
2743,4.92,7.21,Down,True
2744,3.27,9.61,Burst,False
2745,3.81,7.75,Normal,True
2746,5.47,9.67,Down,False
2747,1.99,3.55,Normal,False
2748,4.74,9.77,Burst,True
2749,1.45,8.72,Down,False
2750,0.37,9.04,Silence,False
2751,0.87,0.01,Silence,True
2752,0.45,9.87,Normal,False
2753,3.49,8.9,Normal,True
2754,4.78,1.71,Down,True
2755,0.32,0.57,Burst,False
2756,4.24,8.62,Down,False
2757,1.25,6.48,Burst,False
2758,2.29,2.2,Down,False
2759,5.51,2.72,Normal,False
2760,5.37,7.57,Normal,True
2761,4.66,2.48,Burst,True
2762,4.74,6.44,Down,False
2763,0.54,2.06,Normal,True
2764,2.66,4.34,Burst,True
2765,2.94,0.26,Normal,True
2766,0.96,6.35,Silence,False
2767,2.16,8.84,Down,True
2768,1.52,7.17,Normal,True
2769,0.78,7.75,Silence,True
2770,5.41,6.6,Burst,False
2771,0.25,1.77,Normal,False
2772,1.77,7.08,Normal,False
2773,2.86,6.41,Normal,False
2774,4.53,9.14,Down,False
2775,4.04,7.11,Silence,False
2776,0.35,9.36,Normal,False
2777,0.05,8.14,Silence,True
2778,1.31,9.05,Down,True
2779,3.18,3.95,Down,True
2780,0.99,8.61,Silence,True
2781,3.95,0.08,Silence,False
2782,5.97,5.49,Normal,True
2783,4.95,7.79,Normal,False
2784,4.78,1.68,Silence,False
2785,1.2,3.6,Burst,False
2786,1.86,8.28,Normal,True
2787,3.37,9.08,Silence,True
2788,3.28,0.08,Normal,True
2789,0.75,0.72,Burst,True
2790,3.94,4.4,Normal,False
2791,4.07,8.61,Silence,True
2792,3.82,0.58,Burst,False
2793,1.11,6.42,Down,False
2794,1.02,9.83,Silence,False
2795,1.67,7.03,Down,True
2796,0.6,9.35,Silence,True
2797,1.84,4.45,Silence,False
2798,4.11,5.06,Burst,True
2799,3.35,5.55,Normal,False
2800,3.74,6.49,Down,True
2801,5.73,2.86,Down,False
2802,5.01,6.84,Normal,False
2803,4.77,1.34,Normal,True
2804,2.43,5.01,Normal,False
2805,2.66,2.68,Down,False
2806,4.85,2.99,Down,False
2807,2.28,8.05,Down,True
2808,3.78,2.63,Normal,False
2809,1.36,2.24,Silence,False
2810,2.41,7.53,Silence,True
2811,4.46,7.6,Down,False
2812,2.77,7.18,Down,False
2813,0.26,1.0,Down,True
2814,2.15,6.24,Normal,False
2815,3.17,1.01,Burst,True
2816,0.86,9.17,Normal,True
2817,5.99,1.16,Down,True
2818,3.51,6.46,Silence,True
2819,4.6,9.91,Burst,True
2820,3.82,8.11,Down,False
2821,1.61,7.51,Burst,True
2822,5.1,4.66,Silence,False
2823,2.64,1.33,Burst,False
2824,2.29,4.46,Down,False
2825,1.91,8.39,Down,True
2826,1.63,2.84,Down,True
2827,2.09,9.42,Burst,False
2828,2.05,4.83,Silence,False
2829,2.65,5.16,Silence,True
2830,1.32,7.81,Normal,False
2831,4.7,6.54,Burst,True
2832,2.33,8.18,Down,True
2833,5.67,5.39,Normal,True
2834,1.85,8.28,Burst,True
2835,2.79,7.9,Burst,True
2836,5.81,9.84,Burst,False
2837,1.19,1.76,Burst,False
2838,0.06,5.95,Burst,False
2839,2.09,3.72,Down,False
2840,0.79,5.79,Burst,False
2841,3.61,3.84,Burst,False
2842,1.27,3.03,Normal,False
2843,1.59,3.27,Normal,True
2844,4.68,8.42,Down,True
2845,4.35,2.25,Silence,True
2846,5.96,1.08,Burst,False
2847,4.17,0.87,Silence,False
2848,4.35,1.93,Down,True
2849,1.02,9.31,Normal,False
2850,2.37,7.59,Down,False
2851,0.4,8.6,Normal,False
2852,3.56,0.46,Down,True
2853,0.81,5.64,Silence,False
2854,1.07,9.92,Burst,False
2855,0.33,5.8,Burst,False
2856,3.09,3.21,Burst,True
2857,3.53,0.7,Silence,True
2858,1.42,0.45,Burst,True
2859,4.55,9.98,Burst,True
2860,4.5,8.34,Normal,False
2861,4.23,5.74,Burst,False
2862,4.65,3.97,Silence,False
2863,5.34,3.53,Burst,True
2864,5.6,9.63,Down,True
2865,3.91,1.96,Burst,True
2866,0.87,0.58,Burst,False
2867,5.79,5.66,Down,False
2868,5.48,1.03,Normal,True
2869,1.55,4.27,Normal,True
2870,3.83,9.25,Normal,False
2871,3.12,3.5,Normal,True
2872,3.81,9.91,Burst,True
2873,5.57,2.6,Down,True
2874,3.09,7.47,Silence,False
2875,2.09,4.6,Normal,True
2876,2.86,4.32,Down,True
2877,2.05,0.91,Down,True
2878,5.16,1.5,Burst,False
2879,4.66,1.79,Silence,True
2880,1.24,9.01,Silence,True
2881,4.8,9.61,Down,False
2882,5.06,0.4,Down,False
2883,4.73,6.42,Burst,False
2884,2.48,6.0,Silence,False
2885,5.61,1.32,Normal,False
2886,4.3,6.3,Burst,False
2887,5.41,0.27,Down,True
2888,1.14,3.75,Burst,False
2889,1.87,7.35,Burst,True
2890,3.88,3.89,Normal,False
2891,1.3,2.16,Down,True
2892,5.18,8.36,Burst,True
2893,4.97,7.66,Normal,True
2894,5.62,6.42,Silence,True
2895,4.52,7.33,Down,True
2896,1.24,6.64,Silence,True
2897,4.46,8.81,Normal,True
2898,5.7,0.74,Down,False
2899,1.15,2.06,Silence,False
2900,0.93,1.53,Silence,False
2901,5.36,3.07,Silence,True
2902,5.09,3.55,Burst,False
2903,5.89,0.58,Silence,True
2904,2.19,3.57,Normal,True
2905,3.03,4.17,Burst,True
2906,4.98,7.16,Burst,False
2907,5.52,3.28,Burst,True
2908,1.67,9.84,Normal,False
2909,3.49,4.37,Down,False
2910,5.11,5.23,Down,False
2911,1.73,7.77,Silence,False
2912,0.83,8.4,Silence,True
2913,2.78,4.4,Burst,False
2914,0.13,5.87,Normal,False
2915,0.71,1.68,Down,True
2916,2.28,1.2,Normal,False
2917,3.06,4.52,Burst,True
2918,3.63,8.27,Silence,False
2919,4.27,7.84,Down,False
2920,5.34,7.16,Burst,True
2921,2.68,6.53,Silence,False
2922,2.0,9.29,Silence,True
2923,2.55,6.17,Normal,True
2924,1.94,7.51,Burst,False
2925,0.21,8.33,Down,False
2926,3.15,5.88,Silence,False
2927,5.25,5.81,Normal,True
2928,3.4,1.13,Burst,False
2929,1.39,1.73,Silence,True
2930,5.56,3.95,Burst,True
2931,1.72,0.87,Silence,True
2932,2.72,8.95,Silence,True
2933,1.12,7.6,Burst,False
2934,5.3,5.19,Normal,True
2935,0.22,7.5,Burst,False
2936,5.6,7.74,Burst,False
2937,5.73,9.01,Burst,True
2938,2.02,9.78,Down,True
2939,4.38,5.82,Burst,True
2940,5.55,0.45,Burst,True
2941,5.83,8.82,Normal,True
2942,2.12,9.85,Silence,False
2943,3.47,9.8,Down,False
2944,0.61,8.67,Silence,True
2945,4.43,0.75,Down,False
2946,5.52,0.16,Burst,True
2947,0.25,5.58,Normal,False
2948,0.08,4.19,Silence,False
2949,0.59,2.09,Normal,True
2950,1.26,2.02,Silence,True
2951,4.28,2.94,Normal,False
2952,1.53,7.44,Normal,False
2953,0.14,9.07,Down,True
2954,0.8,0.36,Normal,False
2955,3.31,9.11,Burst,True
2956,0.58,0.69,Normal,True
2957,1.5,6.66,Silence,False
2958,3.21,2.6,Burst,False
2959,4.88,1.6,Burst,False
2960,0.87,2.19,Silence,False
2961,5.98,2.74,Normal,True
2962,3.24,4.35,Silence,False
2963,4.73,1.41,Down,True
2964,5.5,4.65,Down,False
2965,0.85,4.75,Burst,True
2966,5.99,0.07,Down,False
2967,2.8,5.51,Normal,False
2968,4.12,7.39,Down,True
2969,3.27,6.55,Normal,True
2970,0.14,5.3,Burst,True
2971,5.39,7.94,Down,True
2972,1.55,5.19,Down,False
2973,4.35,0.69,Silence,False
2974,5.91,8.92,Silence,False
2975,1.97,9.03,Burst,True
2976,4.06,1.07,Normal,True
2977,3.03,2.03,Normal,True
2978,2.16,4.93,Normal,True
2979,2.35,6.54,Normal,True
2980,0.84,2.38,Burst,False
2981,3.95,0.13,Normal,True
2982,0.83,0.9,Burst,False
2983,1.17,9.17,Normal,True
2984,0.63,9.92,Normal,False
2985,0.97,7.31,Down,False
2986,3.26,0.07,Burst,True
2987,1.35,2.95,Normal,False
2988,1.58,9.91,Normal,True
2989,2.81,6.47,Normal,False
2990,0.85,6.6,Normal,True
2991,5.15,4.67,Silence,False
2992,1.09,3.9,Normal,False
2993,1.66,3.24,Silence,False
2994,2.66,6.8,Silence,True
2995,3.27,1.56,Silence,False
2996,1.22,7.57,Down,True
2997,5.71,2.51,Silence,True
2998,2.95,7.1,Down,True
2999,1.76,5.02,Burst,False
3000,3.05,0.52,Burst,False
3001,1.3,3.65,Normal,True
3002,2.69,3.35,Down,False
3003,0.02,3.04,Normal,True
3004,5.45,6.39,Silence,True
3005,1.97,9.71,Silence,True
3006,0.39,9.12,Silence,False
3007,4.96,6.44,Burst,True
3008,0.09,2.95,Down,True
3009,1.77,8.33,Normal,True
3010,5.96,5.89,Burst,False
3011,2.42,3.09,Silence,True
3012,5.07,0.63,Normal,False
3013,3.97,1.46,Normal,True
3014,4.5,1.66,Silence,True
3015,4.44,6.07,Burst,True
3016,1.87,6.53,Silence,True
3017,1.11,1.85,Silence,True
3018,3.48,9.05,Burst,True
3019,0.02,4.93,Silence,False
3020,1.57,8.84,Burst,False
3021,1.71,5.78,Silence,False
3022,0.43,3.47,Down,False
3023,4.54,0.46,Silence,False
3024,5.24,1.82,Normal,True
3025,1.87,9.25,Silence,False
3026,4.74,4.41,Down,True
3027,5.91,6.73,Down,False
3028,2.41,8.84,Burst,True
3029,5.16,0.89,Silence,False
3030,1.46,0.75,Down,True
3031,5.96,5.93,Normal,True
3032,0.19,4.8,Down,True
3033,0.25,7.12,Normal,False
3034,4.0,6.18,Normal,False
3035,3.27,0.99,Burst,False
3036,3.87,4.61,Silence,True
3037,2.83,7.44,Down,False
3038,4.45,7.97,Down,False
3039,5.31,5.18,Normal,True
3040,4.18,8.4,Normal,True
3041,4.71,4.04,Silence,True
3042,3.82,8.33,Silence,True
3043,1.5,7.72,Down,True
3044,0.83,1.87,Burst,False
3045,2.17,0.62,Normal,True
3046,0.11,3.14,Normal,True
3047,0.44,1.78,Burst,False
3048,2.09,3.78,Normal,True
3049,1.52,1.23,Normal,True
3050,2.89,7.82,Normal,True
3051,0.94,7.67,Down,True
3052,1.66,2.09,Normal,False
3053,5.54,5.67,Burst,True
3054,1.99,9.4,Silence,False
3055,5.13,7.66,Normal,True
3056,5.5,5.5,Burst,False
3057,4.23,9.25,Silence,True
3058,3.39,0.97,Normal,False
3059,4.81,8.85,Silence,True
3060,5.68,6.97,Normal,True
3061,4.1,4.5,Silence,True
3062,4.04,7.24,Silence,False
3063,0.23,8.92,Burst,True
3064,2.76,2.3,Normal,False
3065,0.61,3.42,Silence,True
3066,2.87,0.04,Down,False
3067,2.72,1.97,Burst,False
3068,5.25,8.64,Silence,True
3069,1.82,3.3,Burst,True
3070,1.94,9.47,Down,False
3071,4.68,3.6,Silence,False
3072,1.84,4.56,Normal,False
3073,0.59,4.15,Burst,True
3074,3.94,7.5,Silence,True
3075,1.63,0.12,Down,True
3076,5.54,2.46,Burst,False
3077,3.21,2.61,Silence,False
3078,5.49,9.94,Down,True
3079,3.19,3.62,Down,False
3080,4.32,1.99,Burst,False
3081,0.74,5.37,Burst,True
3082,0.14,6.19,Down,False
3083,2.59,0.51,Down,True
3084,3.69,7.25,Normal,True
3085,4.5,4.59,Silence,True
3086,4.93,9.83,Down,True
3087,5.58,3.59,Normal,False
3088,5.81,1.11,Burst,True
3089,1.26,9.11,Down,False
3090,1.88,6.44,Silence,True
3091,0.38,5.24,Down,True
3092,0.57,0.51,Down,False
3093,0.89,0.61,Down,True
3094,2.35,7.58,Burst,False
3095,3.59,3.15,Burst,True
3096,4.12,4.97,Normal,True
3097,1.05,8.64,Down,False
3098,3.77,3.45,Burst,False
3099,3.31,7.62,Normal,False
3100,1.46,2.02,Silence,False
3101,1.01,6.39,Down,True
3102,4.31,8.99,Down,False
3103,5.55,5.53,Burst,False
3104,0.72,5.57,Down,True
3105,1.53,0.64,Burst,False
3106,0.06,0.16,Down,False
3107,5.07,6.39,Burst,False
3108,2.54,7.43,Silence,True
3109,1.79,7.57,Silence,False
3110,0.62,0.45,Down,False
3111,4.37,2.97,Normal,True
3112,3.1,1.17,Down,False
3113,2.36,1.41,Down,True
3114,2.29,7.88,Normal,False
3115,5.99,0.9,Normal,False
3116,0.98,4.35,Down,False
3117,0.71,1.37,Burst,False
3118,3.63,8.15,Silence,False
3119,1.61,7.61,Silence,True
3120,0.38,9.89,Silence,False
3121,4.46,0.82,Burst,True
3122,5.41,5.72,Burst,True
3123,5.84,7.78,Burst,False
3124,4.49,9.31,Normal,True
3125,2.31,2.78,Normal,True
3126,3.59,2.3,Burst,True
3127,0.54,6.5,Burst,True
3128,4.33,9.48,Down,True
3129,0.58,7.89,Normal,True
3130,5.53,6.72,Burst,True
3131,1.1,2.5,Silence,False
3132,5.22,9.67,Normal,False
3133,5.03,3.57,Down,True
3134,2.86,1.01,Normal,True
3135,5.71,1.94,Normal,False
3136,1.27,8.52,Down,False
3137,1.3,9.32,Normal,False
3138,5.73,3.79,Silence,True
3139,1.48,7.57,Down,True
3140,3.95,9.89,Burst,False
3141,0.85,2.69,Silence,True
3142,3.49,9.74,Burst,False
3143,1.93,9.4,Down,True
3144,3.67,8.21,Down,True
3145,0.91,7.9,Normal,True
3146,0.64,0.71,Burst,False
3147,2.95,6.31,Silence,True
3148,5.99,4.1,Normal,False
3149,3.66,5.63,Normal,False
3150,0.04,1.2,Burst,True
3151,1.13,0.87,Burst,False
3152,0.85,9.16,Down,True
3153,3.21,0.92,Down,False
3154,1.18,7.79,Normal,True
3155,1.62,9.86,Normal,False
3156,5.83,9.44,Burst,True
3157,1.55,4.11,Down,False
3158,1.24,1.93,Burst,True
3159,5.72,6.94,Down,True
3160,2.27,5.29,Normal,True
3161,2.79,6.99,Burst,False
3162,0.09,0.58,Normal,True
3163,3.18,6.53,Down,True
3164,0.95,5.47,Normal,True
3165,1.74,7.46,Normal,False
3166,4.33,8.77,Burst,False
3167,1.68,4.27,Normal,True
3168,3.03,9.94,Down,False
3169,1.23,6.85,Burst,False
3170,2.95,5.42,Burst,False
3171,1.26,7.18,Silence,True
3172,5.01,4.07,Silence,True
3173,1.32,8.84,Silence,False
3174,0.56,4.17,Normal,False
3175,3.11,7.96,Normal,True
3176,0.9,9.09,Silence,False
3177,3.19,1.23,Down,False
3178,0.04,3.96,Silence,True
3179,2.58,9.4,Normal,False
3180,1.62,3.72,Normal,True
3181,5.37,2.72,Burst,False
3182,3.83,8.94,Down,False
3183,2.85,6.71,Burst,False
3184,2.02,4.76,Silence,False
3185,2.44,3.86,Normal,False
3186,0.65,8.22,Silence,False
3187,0.61,7.57,Down,False
3188,5.43,0.7,Down,True
3189,2.08,0.82,Normal,False
3190,3.38,9.22,Burst,True
3191,2.06,7.61,Normal,False
3192,2.41,9.83,Silence,False
3193,5.31,7.94,Silence,True
3194,5.46,3.62,Silence,False
3195,3.91,9.48,Burst,False
3196,5.77,1.79,Silence,True
3197,2.78,7.44,Silence,False
3198,0.99,9.35,Normal,True
3199,5.75,3.73,Burst,True
3200,4.69,3.56,Burst,True
3201,5.65,4.67,Down,False
3202,0.29,4.95,Down,True
3203,5.88,2.88,Down,True
3204,5.62,5.83,Silence,False
3205,0.5,5.76,Silence,True
3206,0.05,6.54,Silence,False
3207,5.78,7.13,Silence,True
3208,5.04,9.15,Burst,False
3209,1.22,1.49,Down,True
3210,1.77,0.2,Normal,False
3211,3.48,6.69,Down,True
3212,5.69,1.17,Normal,True
3213,0.23,2.48,Normal,True
3214,1.89,9.46,Normal,False
3215,0.38,3.37,Burst,False
3216,5.4,3.19,Down,False
3217,1.46,2.11,Burst,False
3218,2.27,3.49,Down,False
3219,1.92,3.57,Silence,False
3220,5.69,7.05,Burst,True
3221,5.56,7.65,Normal,False
3222,5.38,8.51,Burst,False
3223,3.94,7.25,Down,True
3224,5.16,7.91,Silence,True
3225,1.93,4.73,Burst,False
3226,0.61,5.72,Normal,True
3227,1.65,6.46,Silence,True
3228,1.02,9.93,Silence,False
3229,3.81,2.18,Normal,False
3230,3.18,1.55,Down,True
3231,4.07,4.14,Normal,False
3232,0.23,1.29,Burst,False
3233,2.39,10.0,Down,False
3234,1.68,8.59,Normal,False
3235,4.87,5.5,Silence,False
3236,4.96,3.31,Normal,False
3237,5.51,8.37,Normal,False
3238,2.49,1.76,Silence,True
3239,4.22,6.03,Burst,True
3240,0.68,3.19,Burst,False
3241,5.24,0.56,Normal,False
3242,3.89,7.24,Silence,True
3243,4.98,3.13,Burst,True
3244,5.58,4.2,Down,True
3245,3.93,8.08,Silence,True
3246,4.3,4.54,Down,True
3247,4.33,6.89,Normal,False
3248,2.11,7.66,Burst,True
3249,2.6,3.42,Silence,False
3250,5.65,1.49,Silence,False
3251,0.42,9.72,Burst,True
3252,4.59,0.05,Burst,True
3253,3.79,0.21,Down,True
3254,1.14,4.84,Normal,True
3255,2.09,5.16,Burst,False
3256,0.22,6.4,Normal,True
3257,2.56,3.42,Silence,True
3258,4.65,8.84,Normal,True
3259,0.69,0.44,Down,True
3260,1.3,3.95,Burst,False
3261,4.61,1.92,Normal,True
3262,4.19,2.59,Silence,True
3263,0.27,9.14,Silence,True
3264,3.26,8.97,Down,False
3265,5.93,0.31,Normal,True
3266,4.95,0.68,Burst,True
3267,4.02,7.26,Silence,True
3268,0.18,7.24,Silence,False
3269,3.3,4.48,Normal,False
3270,5.02,2.49,Silence,True
3271,3.95,4.93,Down,True
3272,4.15,5.63,Burst,True
3273,1.75,5.98,Normal,True
3274,5.49,3.92,Down,True
3275,3.68,4.84,Burst,False
3276,1.22,9.65,Normal,False
3277,0.6,4.44,Normal,True
3278,0.36,7.97,Burst,True
3279,4.31,7.89,Silence,False
3280,4.28,4.1,Burst,True
3281,5.83,0.12,Normal,False
3282,2.78,0.94,Silence,False
3283,2.71,8.19,Down,False
3284,4.82,2.75,Normal,True
3285,2.55,4.34,Burst,True
3286,0.19,3.39,Silence,False
3287,2.12,3.05,Silence,False
3288,3.47,3.9,Normal,False
3289,0.57,8.29,Burst,False
3290,3.36,6.39,Normal,True
3291,0.74,5.13,Normal,True
3292,3.63,9.41,Burst,True
3293,3.51,2.69,Silence,False
3294,1.23,1.82,Silence,True
3295,3.29,0.13,Down,True
3296,2.84,8.03,Burst,False
3297,2.61,6.75,Burst,False
3298,4.63,2.15,Burst,True
3299,2.43,2.55,Silence,True
3300,4.06,1.89,Silence,True
3301,1.74,5.25,Down,True
3302,3.63,1.12,Normal,True
3303,1.08,4.85,Down,True
3304,2.45,5.67,Normal,True
3305,1.44,4.23,Down,False
3306,3.26,2.22,Normal,False
3307,3.7,1.03,Down,True
3308,4.97,1.42,Silence,True
3309,2.47,3.59,Silence,True
3310,0.73,5.33,Silence,True
3311,2.6,9.15,Silence,False
3312,3.64,7.2,Silence,False
3313,0.72,7.67,Down,True
3314,4.01,2.45,Down,False
3315,4.76,0.36,Normal,True
3316,3.81,8.67,Burst,True
3317,1.66,8.41,Burst,True
3318,3.49,2.65,Down,False
3319,5.48,4.06,Silence,True
3320,4.71,6.06,Silence,True
3321,5.26,4.67,Normal,False
3322,0.85,1.85,Normal,False
3323,1.02,1.63,Burst,False
3324,4.0,3.04,Down,True
3325,2.83,1.47,Burst,True
3326,3.79,0.44,Down,False
3327,5.02,7.04,Down,True
3328,0.5,2.73,Down,True
3329,0.22,7.87,Silence,True
3330,0.92,7.73,Normal,True
3331,4.36,3.14,Normal,True
3332,4.32,7.44,Silence,False
3333,0.07,7.35,Silence,False
3334,4.91,8.71,Silence,False
3335,0.96,6.82,Silence,True
3336,3.2,5.23,Normal,False
3337,0.62,5.83,Burst,True
3338,3.88,1.33,Burst,True
3339,0.38,8.32,Burst,False
3340,2.74,5.57,Silence,True
3341,5.74,8.43,Burst,True
3342,0.35,9.12,Normal,True
3343,2.75,2.97,Normal,False
3344,5.98,1.92,Down,True
3345,3.65,6.72,Burst,True
3346,0.83,3.31,Silence,False
3347,2.41,2.63,Burst,False
3348,3.72,9.98,Normal,True
3349,1.14,4.21,Burst,False
3350,0.31,6.4,Burst,False
3351,3.59,9.5,Silence,True
3352,1.2,4.09,Normal,True
3353,0.62,2.02,Burst,False
3354,2.23,0.86,Down,True
3355,4.87,6.41,Burst,False
3356,4.87,8.71,Down,False
3357,2.49,2.12,Normal,False
3358,1.81,4.34,Burst,True
3359,0.39,3.95,Normal,True
3360,1.93,7.68,Down,False
3361,3.86,1.51,Silence,False
3362,4.62,8.61,Burst,True
3363,5.69,4.27,Burst,True
3364,0.11,0.03,Normal,True
3365,4.3,8.04,Normal,True
3366,3.11,9.56,Silence,True
3367,5.53,0.44,Down,False
3368,2.58,1.19,Silence,False
3369,1.23,8.91,Silence,False
3370,0.93,4.31,Down,True
3371,2.45,8.06,Silence,True
3372,2.49,3.18,Burst,False
3373,4.43,8.7,Burst,True
3374,0.83,1.1,Silence,True
3375,0.4,5.76,Silence,True
3376,2.14,9.43,Down,True
3377,3.95,7.74,Burst,False
3378,1.49,0.44,Burst,True
3379,2.17,8.53,Silence,False
3380,5.98,5.79,Burst,False
3381,4.12,5.32,Burst,True
3382,2.37,7.59,Silence,False
3383,2.0,9.83,Normal,False
3384,5.13,8.67,Down,True
3385,0.69,1.45,Burst,False
3386,0.13,0.9,Normal,False
3387,2.25,3.22,Down,True
3388,3.41,7.78,Silence,True
3389,5.25,7.65,Normal,True
3390,5.76,0.76,Down,False
3391,5.96,3.66,Silence,True
3392,2.78,9.83,Normal,True
3393,4.89,9.91,Burst,False
3394,6.0,5.81,Normal,False
3395,0.28,9.82,Burst,False
3396,6.0,6.38,Normal,True
3397,3.01,1.58,Down,True
3398,4.44,3.75,Silence,False
3399,1.36,4.35,Silence,False
3400,0.03,8.76,Silence,True
3401,3.77,4.62,Burst,False
3402,1.08,2.49,Burst,True
3403,0.48,2.69,Burst,True
3404,4.82,9.07,Down,False
3405,5.12,6.69,Burst,False
3406,2.38,9.4,Burst,True
3407,3.38,2.82,Burst,True
3408,0.49,0.1,Normal,True
3409,1.26,0.07,Silence,False
3410,3.85,2.44,Normal,False
3411,2.85,6.01,Burst,True
3412,5.27,8.6,Normal,False
3413,3.47,3.9,Normal,True
3414,2.9,5.87,Silence,False
3415,4.19,6.7,Down,True
3416,5.36,6.24,Burst,True
3417,2.65,7.52,Down,True
3418,2.62,7.3,Normal,False
3419,2.87,6.7,Down,False
3420,2.94,0.15,Burst,False
3421,0.76,4.61,Burst,True
3422,1.61,9.55,Burst,False
3423,5.61,1.74,Silence,False
3424,1.9,2.05,Burst,False
3425,3.28,9.24,Down,False
3426,2.07,3.07,Burst,True
3427,3.38,6.43,Normal,True
3428,0.92,0.4,Burst,True
3429,5.93,3.95,Burst,True
3430,3.13,6.64,Burst,True
3431,1.93,8.3,Normal,False
3432,2.49,0.51,Burst,True
3433,0.41,7.91,Down,False
3434,3.55,2.8,Down,False
3435,5.74,0.51,Normal,True
3436,5.77,7.35,Burst,True
3437,0.73,5.27,Silence,False
3438,0.12,9.62,Burst,True
3439,1.84,7.53,Burst,False
3440,3.43,1.4,Normal,False
3441,0.03,7.27,Burst,False
3442,3.84,2.27,Silence,True
3443,5.95,9.99,Normal,False
3444,2.92,7.48,Silence,False
3445,0.14,5.48,Silence,True
3446,4.48,8.05,Burst,True
3447,4.25,5.59,Burst,True
3448,1.42,7.99,Silence,False
3449,3.36,1.73,Silence,True
3450,0.01,9.31,Silence,False
3451,2.89,4.79,Normal,True
3452,0.24,1.13,Normal,False
3453,4.72,0.28,Normal,True
3454,0.89,6.12,Down,False
3455,3.09,3.89,Down,True
3456,5.79,7.32,Normal,True
3457,2.58,2.69,Down,True
3458,1.26,8.9,Normal,False
3459,0.84,9.72,Down,False
3460,0.46,5.39,Normal,False
3461,1.8,0.16,Down,True
3462,4.06,2.71,Normal,False
3463,1.38,6.23,Down,True
3464,1.61,1.73,Normal,False
3465,2.86,2.21,Silence,True
3466,2.43,6.62,Burst,False
3467,5.27,0.64,Silence,True
3468,2.06,6.8,Burst,False
3469,4.67,3.32,Silence,True
3470,3.41,3.37,Silence,False
3471,1.81,0.59,Burst,True
3472,4.79,2.03,Burst,False
3473,3.81,9.45,Normal,False
3474,4.96,2.65,Down,False
3475,1.18,1.14,Down,False
3476,5.32,9.56,Down,False
3477,0.61,6.49,Normal,True
3478,3.43,0.78,Silence,True
3479,1.12,2.4,Normal,True
3480,4.43,3.58,Down,False
3481,3.61,1.6,Burst,True
3482,2.56,8.12,Down,True
3483,1.13,1.93,Down,False
3484,2.45,2.91,Normal,True
3485,5.82,6.35,Silence,True
3486,1.06,9.51,Normal,True
3487,5.24,8.1,Normal,True
3488,3.41,3.14,Silence,True
3489,3.51,6.97,Normal,False
3490,0.18,4.77,Down,False
3491,3.04,0.59,Burst,True
3492,0.89,3.05,Burst,True
3493,2.32,4.93,Burst,False
3494,5.09,5.73,Normal,False
3495,5.83,3.95,Silence,False
3496,2.52,6.03,Burst,False
3497,4.74,0.84,Down,False
3498,3.36,8.7,Normal,False
3499,3.12,5.15,Burst,True
3500,4.4,9.41,Burst,False
3501,2.96,0.63,Normal,True
3502,0.17,3.17,Burst,True
3503,3.73,5.35,Burst,True
3504,2.38,9.33,Normal,False
3505,1.85,1.58,Down,False
3506,2.99,1.46,Normal,True
3507,5.38,4.78,Burst,True
3508,4.42,9.79,Normal,True
3509,1.24,0.79,Silence,True
3510,5.49,0.25,Burst,True
3511,4.18,0.49,Down,True
3512,0.68,1.76,Down,True
3513,4.04,5.17,Burst,False
3514,5.79,3.65,Burst,False
3515,0.69,5.16,Burst,True
3516,1.12,4.92,Down,False
3517,1.81,8.25,Down,False
3518,5.8,7.63,Burst,False
3519,3.36,3.01,Normal,True
3520,0.36,2.62,Normal,True
3521,3.99,1.51,Silence,False
3522,2.01,1.94,Down,True
3523,5.6,9.36,Down,False
3524,3.31,2.6,Down,True
3525,3.27,0.86,Normal,True
3526,2.75,8.99,Down,True
3527,1.12,2.27,Normal,True
3528,0.36,6.24,Burst,True
3529,3.61,9.03,Silence,False
3530,0.53,7.16,Burst,False
3531,3.43,2.54,Silence,False
3532,1.7,0.29,Burst,False
3533,1.11,8.69,Silence,True
3534,1.9,3.53,Burst,True
3535,1.19,3.45,Down,False
3536,5.16,4.68,Burst,False
3537,5.56,9.12,Silence,False
3538,3.83,6.65,Burst,True
3539,4.26,5.02,Silence,False
3540,4.67,0.68,Normal,False
3541,0.98,9.71,Down,True
3542,2.44,6.79,Down,True
3543,0.57,1.83,Down,True
3544,2.81,7.67,Silence,True
3545,4.63,0.08,Normal,True
3546,0.25,5.25,Burst,False
3547,0.65,6.13,Normal,True
3548,5.09,9.27,Down,False
3549,5.21,4.97,Normal,True
3550,4.73,0.05,Normal,False
3551,4.21,0.34,Silence,False
3552,2.59,7.96,Down,True
3553,2.32,7.84,Down,False
3554,1.08,0.24,Normal,True
3555,5.89,8.68,Silence,False
3556,0.85,9.91,Down,True
3557,3.39,1.8,Down,False
3558,3.35,8.94,Down,True
3559,3.27,0.84,Burst,False
3560,5.61,8.17,Normal,True
3561,5.69,6.7,Burst,True
3562,0.56,8.0,Burst,True
3563,1.99,2.76,Down,False
3564,1.62,2.05,Normal,False
3565,2.17,2.76,Down,True
3566,5.52,7.53,Burst,True
3567,1.46,1.01,Down,True
3568,0.51,1.51,Normal,False
3569,2.53,1.52,Burst,True
3570,2.86,2.56,Silence,False
3571,4.45,1.34,Normal,True
3572,5.8,6.65,Silence,False
3573,0.02,3.45,Silence,False
3574,5.85,1.53,Silence,False
3575,1.56,1.2,Silence,True
3576,1.43,7.34,Burst,False
3577,1.53,4.59,Burst,True
3578,2.63,4.04,Silence,False
3579,5.54,7.95,Burst,False
3580,5.2,7.43,Silence,True
3581,4.3,5.67,Burst,False
3582,3.5,2.34,Normal,False
3583,3.15,4.33,Down,True
3584,1.48,3.86,Normal,True
3585,1.33,0.97,Burst,False
3586,0.64,2.53,Burst,False
3587,1.67,1.69,Normal,True
3588,0.1,9.2,Normal,True
3589,4.26,2.51,Down,False
3590,5.98,4.99,Burst,False
3591,3.11,8.82,Normal,True
3592,0.78,2.46,Burst,True
3593,4.75,8.48,Burst,False
3594,0.61,5.0,Down,False
3595,4.43,2.89,Burst,True
3596,0.24,0.34,Normal,False
3597,3.47,9.9,Normal,False
3598,1.34,5.59,Burst,False
3599,4.94,4.78,Normal,True
3600,2.99,7.9,Burst,True
3601,1.37,3.18,Burst,True
3602,3.48,6.61,Normal,False
3603,2.95,3.39,Silence,True
3604,2.21,1.79,Silence,False
3605,4.34,2.2,Burst,False
3606,1.61,0.94,Silence,True
3607,1.87,8.95,Silence,False
3608,1.59,1.95,Burst,False
3609,4.53,9.5,Burst,False
3610,0.83,7.67,Burst,True
3611,5.19,3.7,Normal,False
3612,2.63,7.23,Burst,True
3613,2.98,5.3,Burst,False
3614,1.7,8.44,Burst,False
3615,0.1,0.51,Burst,False
3616,4.68,3.43,Silence,False
3617,4.17,4.71,Down,False
3618,2.79,1.95,Down,False
3619,4.97,2.9,Burst,True
3620,3.86,1.04,Normal,False
3621,4.31,6.03,Burst,True
3622,4.63,3.88,Burst,False
3623,5.93,3.15,Burst,True
3624,2.45,4.57,Silence,False
3625,5.26,6.75,Burst,True
3626,0.1,3.83,Silence,True
3627,1.73,3.12,Down,False
3628,1.7,5.07,Down,False
3629,5.69,7.03,Down,False
3630,3.34,7.98,Down,True
3631,5.88,5.18,Normal,True
3632,4.66,9.43,Down,False
3633,1.65,9.34,Burst,False
3634,2.07,4.24,Normal,True
3635,1.91,3.22,Normal,False
3636,1.71,8.46,Down,True
3637,1.22,9.68,Down,True
3638,1.64,2.21,Normal,False
3639,2.49,5.61,Silence,True
3640,0.67,0.5,Burst,False
3641,5.46,8.32,Normal,False
3642,5.2,6.64,Silence,False
3643,3.26,5.28,Normal,False
3644,3.58,4.85,Normal,True
3645,3.1,7.82,Burst,True
3646,2.78,9.81,Burst,False
3647,5.3,6.32,Normal,False
3648,4.74,8.63,Normal,False
3649,2.08,0.27,Normal,False
3650,2.93,3.97,Silence,False
3651,2.1,0.39,Silence,True
3652,0.86,4.26,Burst,False
3653,2.71,8.01,Silence,True
3654,4.23,3.03,Normal,True
3655,5.92,1.71,Silence,True
3656,4.24,3.76,Burst,False
3657,5.39,5.36,Burst,False
3658,5.77,1.9,Down,True
3659,3.01,0.43,Burst,False
3660,0.11,3.73,Silence,True
3661,0.6,6.16,Down,False
3662,0.73,5.9,Down,False
3663,2.22,1.39,Normal,True
3664,3.06,6.92,Down,True
3665,0.03,3.41,Down,False
3666,4.92,9.8,Normal,True
3667,3.91,2.21,Down,False
3668,3.81,2.99,Normal,False
3669,3.94,5.41,Down,False
3670,0.82,9.48,Silence,True
3671,2.54,9.21,Burst,False
3672,5.67,3.68,Burst,False
3673,5.26,8.27,Down,True
3674,3.23,8.62,Down,False
3675,1.72,0.73,Normal,False
3676,2.86,0.31,Silence,False
3677,5.72,4.21,Silence,True
3678,4.07,9.98,Burst,False
3679,2.12,3.99,Normal,True
3680,0.02,6.62,Silence,False
3681,3.96,6.81,Silence,False
3682,3.27,2.66,Down,True
3683,1.04,7.91,Down,False
3684,0.16,8.33,Burst,False
3685,5.23,2.26,Silence,False
3686,1.52,9.25,Normal,False
3687,5.21,4.12,Down,True
3688,5.43,2.58,Burst,False
3689,0.94,5.74,Burst,True
3690,5.8,9.75,Silence,True
3691,0.08,8.75,Burst,False
3692,5.57,0.03,Burst,False
3693,3.77,7.65,Normal,True
3694,1.62,0.82,Burst,False
3695,2.66,3.9,Silence,True
3696,0.0,6.19,Down,False
3697,5.62,9.72,Down,False
3698,4.39,2.0,Normal,False
3699,0.56,4.89,Burst,True
3700,2.44,1.94,Silence,True
3701,3.86,5.25,Down,False
3702,0.92,1.1,Silence,True
3703,1.93,3.83,Burst,False
3704,5.68,8.32,Burst,True
3705,1.54,4.13,Silence,False
3706,5.5,4.92,Down,True
3707,4.26,3.25,Normal,True
3708,1.83,8.49,Burst,True
3709,2.94,6.43,Down,False
3710,0.53,2.15,Silence,False
3711,4.99,9.84,Silence,True
3712,0.0,6.91,Silence,True
3713,1.25,1.32,Burst,True
3714,2.86,9.45,Down,False
3715,2.4,4.09,Normal,False
3716,4.94,2.06,Burst,True
3717,4.42,8.04,Burst,True
3718,0.57,4.63,Normal,True
3719,1.77,5.72,Burst,False
3720,3.62,4.79,Down,False
3721,0.76,4.99,Silence,True
3722,5.1,5.97,Down,True
3723,1.58,2.62,Down,True
3724,3.73,1.92,Normal,False
3725,5.72,4.93,Burst,True
3726,3.17,5.59,Normal,True
3727,4.36,2.04,Burst,True
3728,3.5,2.95,Normal,False
3729,1.93,2.13,Down,True
3730,5.49,4.13,Normal,True
3731,4.65,4.05,Burst,False
3732,2.61,0.83,Down,True
3733,2.04,1.71,Down,False
3734,2.83,0.7,Burst,True
3735,2.49,4.08,Silence,False
3736,5.13,3.95,Burst,True
3737,5.21,5.13,Normal,True
3738,1.06,1.8,Down,True
3739,5.59,5.14,Burst,True
3740,2.55,0.99,Burst,False
3741,1.7,4.84,Burst,True
3742,5.44,8.37,Silence,True
3743,2.24,9.29,Normal,True
3744,5.64,2.87,Silence,True
3745,2.8,5.84,Down,False
3746,5.6,1.37,Normal,True
3747,3.88,1.41,Silence,True
3748,3.03,4.81,Down,True
3749,3.24,9.16,Normal,False
3750,2.65,0.84,Silence,False
3751,5.06,7.07,Normal,True
3752,4.29,2.57,Down,False
3753,4.09,4.67,Silence,False
3754,2.23,8.73,Burst,True
3755,5.13,2.91,Normal,False
3756,0.62,6.53,Normal,False
3757,0.4,6.78,Down,True
3758,3.44,0.95,Down,True
3759,1.14,8.99,Silence,True
3760,1.3,2.31,Silence,True
3761,1.42,8.5,Down,False
3762,3.91,4.75,Down,True
3763,3.47,2.94,Down,False
3764,5.34,5.26,Down,False
3765,3.1,4.2,Down,False
3766,2.55,5.08,Silence,False
3767,5.04,1.67,Down,True
3768,4.21,4.04,Down,False
3769,4.16,6.21,Burst,False
3770,5.45,6.71,Silence,False
3771,3.49,2.29,Down,True
3772,5.53,3.43,Burst,True
3773,5.68,7.79,Silence,True
3774,2.31,3.85,Burst,False
3775,3.71,6.36,Burst,False
3776,2.9,1.18,Down,False
3777,4.77,2.62,Burst,False
3778,4.59,5.08,Silence,True
3779,1.85,5.69,Burst,False
3780,1.89,7.06,Silence,False
3781,1.32,2.21,Normal,False
3782,5.57,9.24,Normal,True
3783,2.53,8.32,Burst,True
3784,5.91,3.12,Silence,True
3785,2.65,0.85,Down,False
3786,1.05,9.79,Burst,True
3787,1.92,5.9,Burst,False
3788,0.77,5.47,Silence,True
3789,3.08,8.19,Down,False
3790,4.34,7.06,Silence,True
3791,3.47,2.37,Down,False
3792,2.82,2.22,Down,True
3793,4.27,9.51,Burst,True
3794,5.23,6.78,Silence,False
3795,4.93,3.4,Normal,True
3796,5.31,8.19,Down,True
3797,1.75,6.45,Normal,False
3798,2.61,5.31,Burst,False
3799,1.8,6.14,Normal,False
3800,2.57,2.57,Burst,False
3801,2.23,6.13,Silence,True
3802,1.75,1.91,Down,True
3803,3.53,2.86,Silence,False
3804,5.2,7.2,Silence,False
3805,4.67,6.28,Normal,False
3806,4.39,0.72,Down,True
3807,3.29,4.2,Down,True
3808,3.92,9.05,Normal,True
3809,3.63,1.64,Silence,False
3810,2.07,9.56,Down,True
3811,4.65,0.73,Silence,True
3812,2.59,3.73,Silence,True
3813,0.9,9.24,Burst,True
3814,5.75,4.74,Burst,True
3815,0.94,3.8,Burst,False
3816,3.55,4.18,Silence,True
3817,3.62,7.66,Burst,True
3818,4.46,3.97,Burst,False
3819,5.51,2.83,Silence,False
3820,2.24,4.86,Burst,False
3821,2.13,4.12,Silence,False
3822,4.4,3.03,Normal,False
3823,4.15,4.15,Down,True
3824,4.48,2.31,Normal,True
3825,0.29,0.08,Burst,True
3826,4.11,3.11,Down,False
3827,4.25,3.37,Down,True
3828,1.33,6.7,Down,True
3829,0.38,6.1,Down,True
3830,5.93,4.39,Burst,False
3831,1.11,6.43,Normal,False
3832,4.34,9.56,Down,True
3833,0.54,8.17,Down,False
3834,2.56,7.69,Burst,True
3835,1.3,2.45,Down,True
3836,3.39,2.97,Burst,True
3837,3.52,7.01,Down,True
3838,0.7,7.68,Normal,False
3839,4.53,1.14,Normal,True
3840,4.09,2.64,Burst,True
3841,2.63,2.11,Normal,True
3842,3.92,4.97,Silence,False
3843,3.66,0.79,Down,True
3844,1.19,1.37,Burst,False
3845,1.35,7.89,Burst,False
3846,3.93,8.51,Normal,True
3847,4.52,6.17,Down,False
3848,3.42,7.67,Silence,True
3849,1.72,6.86,Silence,True
3850,5.54,6.79,Burst,False
3851,5.38,2.41,Down,True
3852,1.42,9.66,Down,True
3853,2.94,8.38,Silence,False
3854,3.47,0.84,Down,True
3855,0.79,5.53,Normal,True
3856,0.35,1.32,Silence,False
3857,0.58,8.76,Normal,True
3858,2.7,6.2,Normal,False
3859,0.59,8.65,Down,True
3860,2.58,0.85,Down,False
3861,5.27,9.49,Down,True
3862,1.76,4.75,Burst,True
3863,2.26,4.01,Down,False
3864,2.5,4.74,Down,True
3865,0.5,9.42,Down,False
3866,4.37,5.08,Normal,True
3867,2.25,5.91,Down,True
3868,3.34,2.23,Down,True
3869,5.27,3.31,Burst,False
3870,4.25,3.17,Normal,False
3871,4.48,1.09,Silence,True
3872,0.17,9.83,Down,True
3873,2.03,9.76,Silence,True
3874,2.09,1.95,Silence,True
3875,0.4,4.21,Silence,False
3876,0.51,4.79,Down,True
3877,1.95,4.6,Normal,True
3878,1.01,1.01,Burst,False
3879,1.47,9.68,Burst,True
3880,2.0,7.6,Normal,True
3881,1.3,9.44,Normal,True
3882,5.03,4.17,Silence,False
3883,5.68,4.29,Silence,False
3884,3.08,6.41,Normal,True
3885,2.48,9.66,Silence,False
3886,2.43,8.71,Normal,False
3887,0.91,5.8,Normal,True
3888,5.37,1.92,Down,False
3889,2.39,4.36,Silence,True
3890,3.22,9.55,Silence,False
3891,4.16,0.26,Normal,False
3892,4.58,5.28,Silence,False
3893,3.58,0.4,Down,True
3894,4.35,7.87,Down,True
3895,2.51,3.06,Down,True
3896,5.32,7.84,Normal,True
3897,5.46,9.74,Normal,True
3898,2.71,0.88,Burst,False
3899,0.06,8.38,Normal,False
3900,3.33,4.5,Silence,True
3901,2.96,8.78,Down,True
3902,4.41,0.06,Down,True
3903,5.63,8.0,Silence,True
3904,0.28,1.07,Burst,False
3905,3.11,1.89,Normal,True
3906,0.55,3.54,Down,False
3907,5.93,5.13,Normal,False
3908,2.54,2.97,Burst,True
3909,5.46,7.97,Down,False
3910,4.17,8.54,Down,True
3911,4.29,9.35,Burst,True
3912,1.76,7.49,Burst,True
3913,0.01,4.18,Down,False
3914,1.02,9.42,Silence,True
3915,2.02,2.75,Burst,False
3916,5.85,5.41,Silence,True
3917,5.22,6.96,Down,True
3918,4.72,6.64,Down,False
3919,0.95,0.38,Silence,False
3920,4.43,8.52,Silence,False
3921,4.89,1.42,Down,True
3922,5.78,1.76,Burst,False
3923,5.18,0.4,Down,False
3924,4.28,6.1,Silence,False
3925,0.76,8.0,Down,True
3926,3.07,7.47,Down,False
3927,1.44,0.66,Silence,True
3928,4.79,4.49,Down,True
3929,1.84,0.03,Normal,False
3930,2.15,0.44,Silence,False
3931,1.5,3.22,Burst,False
3932,1.6,7.62,Silence,False
3933,2.93,7.23,Silence,False
3934,2.6,2.43,Silence,False
3935,0.41,1.1,Burst,True
3936,5.82,9.27,Normal,False
3937,4.67,6.22,Down,True
3938,1.14,2.28,Silence,False
3939,0.31,8.59,Down,False
3940,3.41,1.67,Normal,True
3941,5.22,1.19,Burst,False
3942,0.61,3.19,Down,True
3943,5.82,4.68,Burst,False
3944,0.48,8.79,Silence,False
3945,5.65,7.03,Down,True
3946,5.01,7.89,Burst,True
3947,0.11,8.26,Normal,True
3948,0.16,1.17,Down,False
3949,2.38,3.36,Normal,True
3950,3.09,6.08,Normal,True
3951,3.12,1.19,Normal,True
3952,4.34,6.11,Down,False
3953,1.27,4.16,Silence,True
3954,4.08,9.68,Normal,True
3955,3.1,8.86,Burst,True
3956,0.11,3.17,Silence,True
3957,2.13,3.85,Down,False
3958,1.04,1.88,Silence,False
3959,2.96,7.71,Burst,False
3960,3.03,2.42,Silence,False
3961,1.4,2.15,Normal,False
3962,2.82,6.07,Normal,True
3963,0.19,5.64,Burst,True
3964,3.26,0.06,Normal,False
3965,5.86,9.94,Burst,True
3966,1.0,1.46,Normal,False
3967,4.5,3.76,Normal,True
3968,0.53,9.08,Normal,False
3969,4.02,3.31,Down,True
3970,4.63,7.03,Down,True
3971,3.71,3.8,Down,True
3972,5.79,9.46,Normal,False
3973,1.42,5.41,Normal,False
3974,3.57,8.79,Burst,True
3975,0.75,9.55,Normal,True
3976,0.43,2.52,Burst,True
3977,2.37,5.04,Silence,True
3978,1.61,6.21,Silence,True
3979,3.74,3.92,Normal,False
3980,4.66,9.89,Silence,True
3981,1.82,4.92,Down,False
3982,1.75,1.28,Normal,False
3983,5.83,4.68,Down,True
3984,0.85,8.55,Normal,True
3985,3.21,9.83,Down,True
3986,3.0,1.04,Down,True
3987,1.67,4.37,Normal,False
3988,2.64,1.62,Down,True
3989,4.92,6.83,Silence,True
3990,0.13,0.59,Down,True
3991,4.24,6.25,Normal,False
3992,3.95,3.5,Normal,True
3993,5.74,3.94,Burst,False
3994,5.96,7.39,Silence,True
3995,4.2,6.97,Normal,False
3996,2.5,5.83,Normal,True
3997,4.44,5.37,Normal,False
3998,1.46,6.33,Silence,True
3999,3.56,2.29,Silence,False
4000,3.96,6.49,Normal,True
4001,2.07,1.19,Silence,True
4002,1.92,3.98,Down,False
4003,1.23,2.94,Burst,False
4004,2.25,2.02,Silence,True
4005,4.4,7.45,Down,False
4006,1.36,0.26,Burst,True
4007,0.78,2.77,Down,False
4008,4.63,0.63,Burst,True
4009,4.58,0.27,Normal,False
4010,1.59,3.39,Burst,True
4011,0.23,8.32,Silence,True
4012,1.6,2.51,Silence,False
4013,4.28,6.13,Burst,False
4014,5.99,6.77,Silence,False
4015,5.41,7.43,Silence,True
4016,5.58,0.4,Normal,True
4017,4.49,0.81,Burst,True
4018,5.69,5.32,Normal,False
4019,4.44,2.85,Silence,True
4020,3.34,3.19,Silence,False
4021,4.63,5.2,Normal,False
4022,5.85,3.0,Silence,False
4023,3.44,3.19,Silence,True
4024,4.03,4.14,Burst,False
4025,4.13,6.12,Down,False
4026,5.39,7.25,Down,True
4027,0.63,1.36,Burst,False
4028,3.75,4.79,Silence,False
4029,2.01,8.83,Burst,True
4030,1.6,2.96,Down,False
4031,3.39,7.62,Down,False
4032,3.8,2.47,Burst,False
4033,4.67,0.39,Down,False
4034,2.21,3.62,Down,True
4035,5.87,2.59,Silence,True
4036,3.72,6.72,Down,False
4037,0.44,3.8,Down,False
4038,5.26,5.71,Down,False
4039,5.0,2.72,Normal,False
4040,0.68,2.48,Silence,True
4041,5.41,4.89,Burst,False
4042,3.3,2.06,Down,True
4043,1.43,7.76,Normal,True
4044,0.6,5.9,Down,False
4045,5.1,5.77,Silence,True
4046,3.47,2.71,Down,False
4047,1.57,5.72,Burst,False
4048,3.15,3.34,Normal,False
4049,5.11,5.48,Silence,False
4050,2.65,1.72,Normal,True
4051,3.86,4.39,Burst,False
4052,4.13,3.85,Down,False
4053,1.95,7.32,Down,False
4054,5.46,2.13,Down,False
4055,4.37,5.52,Normal,False
4056,1.81,8.94,Silence,True
4057,5.44,8.85,Down,True
4058,4.02,6.12,Silence,True
4059,1.89,7.34,Silence,False
4060,1.26,7.56,Normal,False
4061,0.85,1.37,Normal,False
4062,2.09,9.73,Burst,True
4063,4.19,5.25,Down,True
4064,4.98,9.05,Burst,True
4065,4.09,1.33,Burst,True
4066,5.52,9.76,Silence,False
4067,1.48,8.02,Down,False
4068,4.22,4.51,Normal,False
4069,1.8,9.82,Silence,False
4070,4.64,6.26,Silence,False
4071,5.83,4.86,Normal,False
4072,2.02,5.02,Burst,False
4073,3.43,2.85,Silence,True
4074,0.93,5.62,Normal,True
4075,3.28,9.33,Down,True
4076,1.97,7.41,Burst,True
4077,3.56,0.55,Down,False
4078,0.45,2.23,Down,True
4079,1.9,6.68,Normal,True
4080,0.47,2.69,Silence,True
4081,2.77,5.11,Burst,False
4082,4.14,4.97,Burst,False
4083,5.22,9.76,Burst,True
4084,1.85,8.62,Down,False
4085,0.66,1.96,Silence,True
4086,5.68,4.08,Down,False
4087,4.11,8.99,Down,False
4088,4.4,7.85,Burst,True
4089,1.94,5.16,Silence,False
4090,5.2,1.29,Burst,True
4091,4.8,0.63,Normal,False
4092,1.24,9.92,Normal,True
4093,2.05,5.19,Silence,True
4094,2.36,7.38,Normal,True
4095,2.03,5.32,Down,True
4096,5.21,9.66,Down,True
4097,1.47,6.26,Down,False
4098,1.32,4.75,Silence,True
4099,3.83,9.49,Burst,False
4100,0.2,3.31,Burst,True
4101,1.54,5.36,Silence,False
4102,1.12,7.79,Normal,True
4103,2.98,5.89,Burst,False
4104,3.91,7.63,Silence,True
4105,1.99,6.07,Silence,False
4106,0.62,1.23,Normal,True
4107,1.88,1.74,Normal,True
4108,1.89,1.14,Normal,False
4109,2.17,9.38,Down,True
4110,0.8,7.95,Normal,False
4111,3.66,3.33,Normal,True
4112,2.22,9.35,Burst,True
4113,5.58,6.24,Normal,False
4114,4.83,1.38,Normal,True
4115,1.75,3.61,Silence,True
4116,0.19,8.83,Down,False
4117,5.83,3.89,Burst,True
4118,2.5,6.55,Silence,False
4119,5.97,5.23,Down,False
4120,0.41,8.36,Burst,False
4121,5.03,5.89,Down,False
4122,1.01,10.0,Silence,False
4123,2.94,5.01,Burst,False
4124,2.13,2.27,Burst,False
4125,1.03,0.04,Normal,True
4126,0.06,6.87,Burst,True
4127,1.91,6.88,Silence,True
4128,0.93,7.89,Burst,True
4129,3.55,2.86,Down,False
4130,2.82,3.43,Down,True
4131,1.96,1.59,Silence,True
4132,4.32,0.29,Down,True
4133,1.41,0.69,Down,False
4134,1.6,2.03,Normal,True
4135,3.37,3.25,Normal,True
4136,3.62,5.06,Normal,False
4137,3.77,5.73,Down,True
4138,4.64,6.01,Normal,False
4139,3.0,4.41,Normal,False
4140,0.76,7.02,Normal,True
4141,4.41,5.74,Silence,True
4142,2.66,5.6,Normal,False
4143,1.08,8.48,Burst,False
4144,3.27,3.34,Normal,False
4145,5.75,1.73,Down,True
4146,4.33,6.02,Silence,True
4147,3.76,0.66,Down,True
4148,0.64,7.73,Normal,False
4149,5.51,9.91,Burst,True
4150,4.73,2.63,Burst,False
4151,0.88,6.0,Silence,True
4152,4.62,6.22,Down,False
4153,2.59,2.5,Silence,False
4154,3.77,5.87,Silence,True
4155,3.89,7.45,Down,False
4156,3.69,3.49,Silence,True
4157,4.71,3.79,Normal,False
4158,5.27,2.6,Normal,False
4159,2.92,0.27,Burst,False
4160,3.71,6.31,Burst,False
4161,3.77,1.59,Normal,False
4162,0.68,9.95,Burst,True
4163,5.36,2.55,Silence,True
4164,5.3,9.47,Silence,True
4165,0.19,5.9,Silence,True
4166,4.13,2.88,Silence,True
4167,3.37,3.47,Silence,True
4168,4.87,9.42,Down,False
4169,5.19,7.79,Silence,True
4170,2.99,9.55,Down,False
4171,4.18,9.49,Silence,False
4172,1.23,7.34,Down,False
4173,3.34,8.46,Silence,True
4174,5.15,1.89,Normal,True
4175,1.42,4.84,Down,False
4176,2.58,3.02,Burst,False
4177,2.18,5.16,Burst,True
4178,1.97,3.44,Down,False
4179,3.09,3.37,Silence,False
4180,1.67,7.4,Down,False
4181,4.18,0.29,Normal,True
4182,1.56,3.46,Down,True
4183,0.15,0.63,Down,True
4184,2.41,4.26,Silence,False
4185,3.0,2.7,Burst,True
4186,1.13,2.35,Burst,True
4187,4.84,4.35,Silence,True
4188,0.94,9.14,Burst,True
4189,3.31,4.36,Down,False
4190,4.57,2.33,Burst,True
4191,4.35,2.79,Down,True
4192,0.2,4.07,Down,False
4193,3.51,8.34,Down,False
4194,5.03,5.03,Burst,True
4195,2.91,8.6,Burst,False
4196,1.22,5.73,Down,False
4197,1.7,7.01,Down,True
4198,1.94,0.65,Silence,False
4199,5.63,3.15,Down,True
4200,1.69,2.18,Down,False
4201,4.17,1.44,Burst,False
4202,4.75,6.92,Down,True
4203,3.62,8.4,Burst,False
4204,5.46,3.57,Down,True
4205,0.7,8.46,Normal,True
4206,5.47,2.8,Burst,False
4207,0.66,6.92,Silence,False
4208,5.38,7.21,Normal,False
4209,5.49,2.56,Down,True
4210,4.34,6.77,Normal,True
4211,5.08,3.89,Burst,True
4212,4.07,5.71,Down,False
4213,0.24,1.79,Normal,False
4214,2.5,2.85,Normal,True
4215,5.54,0.64,Down,True
4216,2.34,5.47,Down,False
4217,3.95,4.78,Down,True
4218,2.38,7.18,Silence,True
4219,1.75,9.8,Down,True
4220,2.43,5.54,Down,True
4221,5.26,3.1,Burst,True
4222,2.81,5.2,Silence,True
4223,1.15,7.49,Down,False
4224,5.28,0.39,Silence,False
4225,5.47,6.19,Normal,False
4226,4.23,4.53,Burst,True
4227,5.82,8.59,Normal,True
4228,1.52,1.07,Burst,True
4229,5.44,6.55,Down,True
4230,2.93,4.16,Normal,True
4231,3.32,8.71,Burst,True
4232,4.25,9.0,Down,False
4233,4.25,5.92,Normal,False
4234,4.57,0.01,Silence,True
4235,3.99,0.07,Down,False
4236,4.26,7.63,Down,False
4237,0.37,6.42,Burst,True
4238,5.76,8.05,Down,True
4239,1.51,6.96,Normal,False
4240,5.16,2.23,Normal,False
4241,4.74,0.53,Down,True
4242,2.24,1.81,Silence,False
4243,4.11,5.62,Down,True
4244,5.32,4.48,Down,True
4245,3.1,7.62,Burst,True
4246,4.36,9.73,Down,False
4247,3.57,3.17,Silence,True
4248,1.27,1.18,Silence,True
4249,2.61,7.52,Down,True
4250,4.5,6.39,Down,True
4251,5.08,8.12,Down,True
4252,0.01,2.35,Down,False
4253,5.05,3.42,Silence,True
4254,4.95,6.78,Down,True
4255,0.98,4.65,Normal,False
4256,4.22,0.22,Down,True
4257,2.41,4.48,Normal,False
4258,2.97,8.6,Down,True
4259,2.07,4.14,Normal,True
4260,3.08,4.32,Down,True
4261,0.9,9.18,Silence,False
4262,1.08,4.23,Down,True
4263,2.66,9.28,Silence,False
4264,2.88,0.24,Down,False
4265,4.54,6.87,Burst,True
4266,1.88,6.32,Silence,False
4267,1.1,6.36,Burst,True
4268,2.76,3.96,Burst,True
4269,3.02,1.49,Burst,True
4270,1.19,5.01,Silence,False
4271,4.04,7.51,Normal,True
4272,2.99,3.74,Down,False
4273,2.91,1.32,Down,True
4274,2.11,8.96,Burst,False
4275,0.91,8.16,Burst,True
4276,1.0,9.36,Normal,True
4277,1.62,3.08,Silence,True
4278,2.23,0.71,Normal,True
4279,5.66,2.23,Normal,False
4280,2.95,9.34,Silence,False
4281,4.96,4.78,Silence,False
4282,3.43,8.45,Down,True
4283,3.2,0.73,Silence,False
4284,0.35,1.83,Burst,False
4285,3.34,9.46,Down,False
4286,1.5,6.54,Silence,True
4287,3.79,9.68,Down,True
4288,5.51,6.02,Burst,True
4289,5.62,9.06,Normal,True
4290,2.49,5.76,Normal,True
4291,3.35,2.22,Normal,True
4292,2.73,9.44,Silence,True
4293,0.23,4.96,Normal,True
4294,2.55,8.54,Burst,False
4295,2.89,3.42,Normal,True
4296,3.74,7.25,Down,False
4297,4.47,0.26,Down,True
4298,5.01,3.72,Silence,True
4299,1.92,3.79,Down,True
4300,4.41,0.97,Normal,False
4301,1.42,6.4,Normal,True
4302,0.4,5.19,Down,True
4303,3.12,4.71,Normal,False
4304,5.82,2.94,Normal,True
4305,1.24,6.18,Down,False
4306,2.63,8.53,Burst,True
4307,5.47,2.34,Burst,True
4308,0.42,5.6,Silence,True
4309,0.95,9.36,Normal,True
4310,2.08,9.81,Normal,False
4311,4.94,5.14,Normal,False
4312,3.14,2.39,Down,True
4313,1.47,1.65,Normal,True
4314,0.64,7.8,Normal,True
4315,0.67,4.79,Down,False
4316,5.84,2.47,Silence,False
4317,4.23,4.6,Silence,True
4318,2.12,5.48,Normal,True
4319,0.26,2.32,Normal,False
4320,2.64,6.71,Silence,True
4321,5.7,9.04,Silence,False
4322,1.34,9.78,Normal,False
4323,0.85,9.64,Burst,False
4324,1.03,1.86,Down,True
4325,0.04,7.14,Down,True
4326,5.79,5.17,Down,True
4327,5.46,3.01,Burst,False
4328,1.48,6.73,Normal,False
4329,3.28,0.09,Burst,False
4330,0.74,1.5,Down,True
4331,3.94,3.34,Silence,False
4332,0.66,7.39,Silence,True
4333,4.74,7.56,Normal,False
4334,2.99,6.5,Down,True
4335,1.67,3.37,Burst,True
4336,4.2,3.35,Burst,True
4337,5.76,8.65,Silence,True
4338,2.95,9.87,Down,True
4339,3.28,3.18,Burst,True
4340,2.31,9.97,Down,False
4341,1.9,0.43,Normal,False
4342,0.37,2.23,Burst,True
4343,5.82,7.13,Normal,False
4344,1.48,7.9,Down,False
4345,1.62,1.11,Down,False
4346,2.44,6.89,Burst,False
4347,1.05,2.48,Down,False
4348,3.86,5.04,Silence,False
4349,1.8,0.0,Normal,True
4350,2.76,3.42,Silence,True
4351,1.91,6.67,Burst,True
4352,1.48,4.26,Normal,False
4353,2.39,9.32,Silence,False
4354,2.32,2.99,Normal,True
4355,2.6,3.02,Down,True
4356,1.16,9.14,Silence,True
4357,2.56,8.59,Burst,True
4358,1.9,8.32,Normal,False
4359,0.64,8.55,Down,True
4360,0.21,3.08,Silence,False
4361,0.76,0.44,Burst,True
4362,0.13,6.37,Normal,False
4363,2.19,7.71,Silence,False
4364,5.51,5.36,Normal,False
4365,4.09,5.01,Burst,True
4366,1.27,7.59,Down,False
4367,2.56,3.31,Normal,False
4368,4.72,3.26,Down,True
4369,4.08,9.39,Burst,True
4370,5.21,9.55,Silence,True
4371,4.15,6.77,Normal,True
4372,0.1,2.55,Down,True
4373,0.75,4.84,Silence,True
4374,2.98,5.52,Silence,False
4375,2.74,5.6,Down,True
4376,0.08,2.54,Down,False
4377,5.69,6.59,Normal,True
4378,2.08,2.06,Normal,True
4379,2.02,3.1,Burst,False
4380,5.69,9.18,Normal,True
4381,3.44,1.49,Silence,False
4382,5.4,6.31,Burst,False
4383,0.12,6.01,Normal,False
4384,3.32,5.19,Burst,True
4385,5.67,3.81,Down,False
4386,1.27,0.85,Normal,True
4387,1.49,1.61,Down,False
4388,3.41,2.49,Silence,False
4389,4.59,0.87,Normal,True
4390,4.58,7.5,Normal,False
4391,3.16,4.87,Burst,False
4392,2.46,0.56,Down,True
4393,5.22,3.32,Normal,True
4394,0.99,6.11,Silence,True
4395,4.97,5.56,Down,False
4396,1.39,2.8,Burst,False
4397,2.08,7.04,Down,False
4398,2.44,8.75,Burst,True
4399,1.55,5.21,Burst,False
4400,4.31,4.2,Normal,False
4401,1.5,4.32,Burst,True
4402,1.87,7.76,Down,True
4403,0.45,8.8,Normal,True
4404,0.27,9.24,Silence,True
4405,1.05,8.87,Normal,True
4406,2.5,6.43,Burst,True
4407,2.64,1.74,Silence,False
4408,4.16,3.97,Down,True
4409,2.32,8.01,Normal,False
4410,5.28,8.15,Silence,True
4411,2.34,7.29,Burst,False
4412,2.45,2.17,Down,True
4413,5.68,0.19,Burst,False
4414,3.91,7.51,Burst,False
4415,2.86,0.41,Down,False
4416,5.41,0.34,Burst,True
4417,2.94,1.52,Down,False
4418,2.15,8.08,Down,False
4419,5.09,7.11,Silence,False
4420,0.9,7.72,Down,True
4421,1.66,9.01,Burst,True
4422,4.75,4.31,Down,True
4423,2.95,3.98,Burst,True
4424,4.26,9.19,Burst,False
4425,3.75,1.49,Normal,False
4426,3.12,4.85,Down,False
4427,5.45,9.9,Burst,False
4428,3.12,9.71,Down,True
4429,5.52,1.03,Burst,True
4430,3.05,5.12,Normal,False
4431,2.53,6.25,Silence,True
4432,5.16,0.52,Silence,False
4433,1.1,0.2,Burst,True
4434,2.15,9.76,Burst,False
4435,1.38,3.39,Burst,True
4436,5.49,4.81,Normal,True
4437,0.72,5.13,Normal,False
4438,3.69,7.08,Down,False
4439,3.23,4.03,Silence,False
4440,0.23,6.8,Silence,True
4441,2.6,7.8,Silence,True
4442,0.92,3.14,Silence,False
4443,2.2,5.18,Normal,True
4444,0.93,2.87,Burst,True
4445,3.91,6.02,Normal,True
4446,5.27,4.21,Down,False
4447,5.99,2.87,Silence,True
4448,4.22,7.16,Down,True
4449,2.72,7.76,Down,True
4450,6.0,3.08,Burst,False
4451,0.34,1.53,Down,False
4452,0.97,4.53,Burst,True
4453,5.8,4.31,Normal,False
4454,3.77,7.98,Down,True
4455,4.57,1.49,Down,True
4456,0.31,1.81,Burst,True
4457,1.98,8.3,Down,False
4458,2.35,2.02,Burst,False
4459,4.38,4.66,Burst,True
4460,3.53,0.87,Down,True
4461,2.81,8.1,Burst,False
4462,1.28,6.32,Normal,True
4463,5.54,5.16,Silence,False
4464,0.05,0.93,Silence,True
4465,0.39,8.84,Burst,False
4466,1.48,1.29,Silence,True
4467,5.76,8.19,Normal,True
4468,2.5,2.52,Normal,False
4469,0.79,4.96,Down,False
4470,1.68,9.67,Down,False
4471,1.62,4.5,Normal,False
4472,2.91,8.5,Normal,False
4473,3.04,9.41,Normal,True
4474,2.54,4.12,Burst,True
4475,3.94,6.51,Silence,True
4476,1.32,4.38,Silence,False
4477,5.13,0.28,Burst,True
4478,2.27,2.17,Normal,False
4479,4.06,6.68,Silence,True
4480,5.94,3.31,Silence,False
4481,5.13,9.17,Normal,False
4482,4.7,9.94,Silence,True
4483,3.61,4.33,Burst,False
4484,2.26,3.72,Silence,True
4485,1.81,5.34,Silence,False
4486,5.98,8.49,Down,True
4487,1.33,0.62,Burst,False
4488,3.8,1.21,Down,False
4489,2.16,6.56,Silence,False
4490,5.6,2.73,Silence,True
4491,4.29,5.75,Down,True
4492,0.69,2.72,Normal,True
4493,1.66,1.7,Normal,True
4494,1.08,1.94,Down,True
4495,0.15,4.48,Burst,True
4496,4.1,3.97,Down,False
4497,5.27,0.92,Silence,False
4498,5.92,4.86,Down,False
4499,0.0,2.92,Normal,False
4500,0.71,3.77,Normal,True
4501,4.11,3.37,Normal,True
4502,1.23,1.21,Burst,True
4503,0.55,1.18,Down,True
4504,0.28,4.98,Down,False
4505,0.77,6.5,Normal,False
4506,2.37,3.68,Down,False
4507,5.9,2.65,Normal,False
4508,3.84,2.17,Burst,False
4509,0.26,0.67,Silence,True
4510,4.8,0.6,Burst,False
4511,2.85,4.86,Normal,False
4512,2.21,7.1,Normal,False
4513,0.66,6.88,Normal,True
4514,5.78,1.85,Normal,True
4515,5.95,4.32,Silence,True
4516,5.75,7.68,Down,False
4517,2.3,3.75,Silence,True
4518,5.14,7.73,Down,True
4519,5.84,3.2,Normal,False
4520,2.77,9.55,Burst,True
4521,2.3,4.86,Silence,False
4522,2.34,2.01,Silence,False
4523,5.07,9.36,Burst,True
4524,1.74,5.89,Silence,True
4525,1.95,4.27,Normal,True
4526,2.78,9.64,Down,False
4527,4.37,3.51,Burst,True
4528,2.06,3.85,Burst,False
4529,4.14,0.54,Silence,False
4530,5.08,4.46,Normal,True
4531,2.16,8.02,Silence,False
4532,0.78,1.08,Normal,False
4533,5.92,9.48,Normal,True
4534,5.5,4.44,Down,True
4535,0.45,3.94,Burst,False
4536,4.72,9.24,Silence,False
4537,0.85,8.78,Burst,True
4538,4.99,5.94,Normal,False
4539,1.93,1.35,Burst,True
4540,5.71,7.49,Burst,True
4541,4.81,7.44,Down,True
4542,4.68,1.08,Down,True
4543,2.22,9.13,Normal,True
4544,0.01,1.02,Down,False
4545,0.8,8.26,Silence,False
4546,0.57,4.9,Normal,False
4547,1.67,8.98,Normal,False
4548,4.69,9.23,Silence,False
4549,4.17,0.42,Silence,True
4550,0.84,3.26,Silence,False
4551,1.49,1.7,Down,True
4552,4.84,4.5,Down,True
4553,1.55,5.21,Normal,False
4554,1.76,4.88,Down,False
4555,0.42,5.85,Silence,False
4556,3.18,1.83,Burst,True
4557,4.81,4.77,Normal,True
4558,2.65,8.89,Silence,False
4559,3.71,3.45,Burst,False
4560,4.93,7.43,Burst,True
4561,0.55,7.75,Down,True
4562,5.44,3.49,Normal,False
4563,5.1,9.28,Normal,False
4564,3.43,0.68,Burst,True
4565,1.51,3.02,Down,True
4566,5.54,7.14,Normal,False
4567,3.76,9.91,Normal,True
4568,0.73,2.87,Burst,True
4569,2.87,7.22,Silence,True
4570,1.3,3.2,Silence,True
4571,3.16,3.87,Down,False
4572,2.65,8.49,Normal,True
4573,2.02,7.2,Silence,True
4574,5.71,7.89,Down,False
4575,4.77,8.09,Down,True
4576,1.54,6.06,Down,False
4577,1.54,2.53,Normal,False
4578,0.38,3.81,Normal,False
4579,1.36,4.29,Normal,True
4580,0.08,8.18,Down,True
4581,3.78,5.38,Down,False
4582,5.74,0.02,Burst,False
4583,2.02,7.28,Down,False
4584,5.97,3.14,Silence,True
4585,3.22,5.5,Normal,False
4586,3.35,4.74,Normal,True
4587,2.13,4.11,Normal,True
4588,2.94,7.68,Silence,True
4589,1.57,9.87,Burst,True
4590,2.23,6.95,Normal,True
4591,1.74,2.86,Down,False
4592,1.88,3.36,Silence,False
4593,5.81,8.58,Burst,False
4594,3.77,7.69,Burst,True
4595,5.04,5.4,Burst,True
4596,4.94,8.7,Down,False
4597,0.44,1.07,Normal,True
4598,2.58,9.97,Burst,False
4599,5.14,0.96,Normal,True
4600,4.01,3.69,Burst,False
4601,1.03,2.26,Down,False
4602,1.33,9.81,Normal,False
4603,5.39,8.18,Normal,False
4604,5.64,1.72,Silence,True
4605,4.35,9.92,Silence,True
4606,0.13,4.97,Down,True
4607,5.95,4.27,Burst,True
4608,1.54,7.42,Down,False
4609,1.94,0.6,Down,True
4610,2.58,8.16,Burst,False
4611,4.51,9.08,Burst,True
4612,1.0,1.44,Burst,True
4613,3.38,7.93,Normal,True
4614,0.85,5.32,Burst,True
4615,5.67,6.45,Burst,False
4616,4.97,2.11,Down,True
4617,5.31,0.66,Normal,True
4618,1.9,5.36,Down,True
4619,3.69,5.47,Silence,False
4620,2.3,1.32,Down,False
4621,0.7,9.51,Burst,False
4622,3.73,1.17,Burst,False
4623,1.03,1.06,Down,True
4624,2.29,7.2,Normal,True
4625,4.3,7.15,Burst,False
4626,3.07,9.72,Silence,False
4627,4.3,3.42,Down,True
4628,4.89,2.56,Normal,False
4629,3.15,3.11,Burst,True
4630,1.37,2.46,Down,True
4631,0.34,3.95,Silence,True
4632,0.21,6.0,Down,False
4633,4.45,7.44,Down,True
4634,3.25,8.93,Burst,True
4635,0.7,9.87,Normal,True
4636,5.74,9.06,Silence,True
4637,2.35,8.63,Normal,False
4638,5.39,2.01,Down,True
4639,3.44,0.84,Down,False
4640,4.24,9.9,Burst,True
4641,3.33,3.44,Silence,True
4642,0.61,0.93,Down,True
4643,3.77,2.79,Burst,False
4644,4.08,7.8,Silence,True
4645,2.43,0.51,Normal,True
4646,1.26,5.65,Down,False
4647,2.52,8.56,Silence,False
4648,3.14,4.09,Down,True
4649,3.31,8.88,Down,False
4650,5.33,3.13,Silence,False
4651,3.64,1.61,Silence,False
4652,1.54,8.06,Normal,False
4653,2.8,0.48,Silence,False
4654,1.84,8.29,Down,True
4655,0.47,3.99,Burst,True
4656,5.16,3.96,Burst,True
4657,3.37,1.91,Burst,False
4658,5.11,5.23,Normal,True
4659,1.36,0.01,Normal,False
4660,2.42,2.86,Normal,True
4661,4.24,7.59,Burst,True
4662,4.9,8.92,Burst,True
4663,5.93,9.02,Silence,True
4664,5.74,5.41,Silence,True
4665,2.87,7.25,Down,True
4666,2.82,0.18,Normal,True
4667,5.42,3.69,Down,True
4668,2.25,2.24,Silence,True
4669,4.65,9.76,Silence,True
4670,3.47,7.71,Silence,False
4671,0.21,5.05,Down,False
4672,1.92,9.32,Burst,False
4673,4.52,7.71,Silence,False
4674,3.05,0.24,Down,False
4675,3.44,6.29,Down,False
4676,4.97,0.68,Burst,False
4677,0.29,0.09,Burst,True
4678,0.92,6.53,Burst,False
4679,2.53,2.55,Burst,False
4680,5.39,7.21,Silence,False
4681,2.38,7.81,Down,False
4682,4.84,3.77,Burst,False
4683,0.37,1.46,Silence,True
4684,5.36,5.9,Silence,False
4685,2.18,6.3,Silence,False
4686,2.04,8.03,Down,True
4687,2.7,5.42,Down,True
4688,0.86,5.04,Down,False
4689,2.24,3.83,Silence,False
4690,5.85,6.41,Silence,False
4691,0.22,6.47,Burst,True
4692,5.73,1.55,Down,True
4693,2.91,1.96,Burst,False
4694,4.16,9.51,Silence,False
4695,3.17,9.11,Silence,True
4696,5.69,8.31,Burst,False
4697,2.88,0.51,Normal,True
4698,3.21,0.72,Burst,False
4699,0.17,2.43,Normal,True
4700,1.15,8.15,Burst,True
4701,1.88,2.18,Burst,True
4702,5.79,1.09,Burst,True
4703,2.32,7.91,Silence,True
4704,4.27,7.46,Down,True
4705,4.92,2.12,Normal,False
4706,4.98,5.16,Normal,False
4707,2.88,2.92,Down,True
4708,3.83,5.27,Silence,True
4709,3.34,3.85,Normal,True
4710,4.07,5.3,Silence,True
4711,0.74,2.32,Down,True
4712,2.15,5.2,Silence,True
4713,5.2,1.38,Normal,True
4714,3.42,7.13,Normal,False
4715,5.33,0.86,Silence,False
4716,2.97,1.86,Burst,False
4717,3.65,8.46,Normal,False
4718,4.08,3.85,Silence,True
4719,2.74,5.0,Normal,True
4720,1.98,6.48,Silence,True
4721,6.0,3.04,Normal,False
4722,1.41,2.6,Down,True
4723,1.51,4.73,Silence,False
4724,3.08,3.69,Normal,False
4725,4.17,5.46,Burst,False
4726,1.25,4.6,Burst,True
4727,5.09,1.31,Normal,True
4728,0.03,9.07,Burst,True
4729,3.14,9.96,Down,True
4730,0.55,2.86,Burst,False
4731,3.29,9.49,Down,False
4732,5.45,2.8,Normal,False
4733,5.9,8.04,Silence,False
4734,2.03,1.87,Burst,True
4735,5.86,9.75,Burst,True
4736,3.65,7.67,Normal,False
4737,5.27,3.62,Down,True
4738,2.34,5.81,Down,False
4739,2.72,6.12,Normal,True
4740,2.62,5.88,Down,True
4741,2.38,9.63,Burst,True
4742,1.42,9.5,Normal,True
4743,1.96,2.71,Burst,True
4744,1.52,8.63,Burst,True
4745,5.04,0.05,Normal,False
4746,2.52,6.31,Normal,False
4747,1.05,2.02,Down,False
4748,0.42,8.07,Burst,False
4749,0.76,7.98,Burst,False
4750,3.91,0.18,Burst,False
4751,1.01,7.32,Normal,True
4752,1.32,7.15,Down,False
4753,4.2,6.14,Burst,False
4754,0.91,5.11,Down,False
4755,5.87,8.97,Silence,False
4756,0.12,4.75,Down,True
4757,4.97,7.41,Silence,False
4758,0.73,7.47,Silence,True
4759,0.05,7.4,Normal,False
4760,2.49,8.83,Burst,False
4761,3.79,7.72,Down,True
4762,3.26,2.45,Down,True
4763,0.74,8.46,Normal,True
4764,0.9,7.7,Normal,False
4765,1.22,7.68,Burst,False
4766,0.49,8.22,Silence,True
4767,3.32,4.27,Burst,True
4768,2.77,9.41,Down,True
4769,1.8,4.35,Down,True
4770,1.55,0.85,Down,False
4771,5.52,3.16,Silence,False
4772,4.1,2.22,Down,False
4773,3.89,6.55,Silence,False
4774,2.32,2.49,Silence,True
4775,0.77,9.35,Down,False
4776,0.38,0.69,Normal,False
4777,2.2,2.47,Normal,False
4778,4.22,5.56,Burst,True
4779,4.44,2.56,Silence,True
4780,0.49,7.59,Down,True
4781,3.42,0.71,Down,True
4782,5.22,7.3,Silence,True
4783,0.26,5.52,Down,True
4784,2.49,9.84,Silence,True
4785,3.75,3.01,Burst,False
4786,0.95,2.32,Normal,False
4787,1.21,3.49,Silence,False
4788,4.42,8.48,Burst,False
4789,4.2,6.53,Silence,True
4790,3.2,5.44,Burst,True
4791,0.56,9.91,Normal,True
4792,4.98,9.92,Burst,True
4793,2.49,4.03,Normal,False
4794,3.87,5.61,Down,False
4795,2.18,6.42,Normal,True
4796,4.95,4.6,Burst,False
4797,2.57,2.78,Silence,True
4798,5.15,8.63,Normal,True
4799,2.98,0.14,Normal,False
4800,1.2,3.03,Down,False
4801,1.73,9.38,Silence,True
4802,0.72,5.8,Silence,False
4803,4.4,1.57,Down,False
4804,2.88,8.23,Normal,True
4805,0.85,1.19,Down,True
4806,5.12,8.74,Burst,True
4807,3.36,0.03,Normal,True
4808,3.79,9.51,Burst,False
4809,2.49,9.13,Down,True
4810,2.31,9.95,Silence,True
4811,5.82,8.21,Silence,False
4812,0.68,3.52,Down,False
4813,1.32,2.98,Burst,True
4814,1.86,8.5,Silence,True
4815,2.45,9.23,Down,False
4816,1.78,0.74,Silence,False
4817,4.83,9.25,Normal,True
4818,4.44,3.29,Normal,False
4819,5.84,2.6,Down,True
4820,0.84,2.31,Down,False
4821,4.25,5.43,Burst,True
4822,3.35,2.63,Down,True
4823,1.14,6.58,Normal,False
4824,5.03,4.67,Burst,False
4825,3.63,1.41,Normal,False
4826,2.91,5.7,Silence,False
4827,4.88,1.08,Normal,True
4828,1.89,9.4,Down,True
4829,0.32,4.86,Down,False
4830,5.4,4.7,Silence,True
4831,4.64,8.42,Silence,False
4832,1.21,5.28,Normal,True
4833,0.13,9.9,Down,True
4834,2.69,9.84,Down,False
4835,3.39,5.23,Burst,False
4836,2.16,1.06,Normal,False
4837,1.94,4.16,Silence,True
4838,5.53,1.41,Down,False
4839,3.84,4.28,Down,False
4840,3.17,6.02,Burst,False
4841,1.98,8.83,Down,True
4842,2.99,6.23,Normal,True
4843,4.74,3.04,Burst,False
4844,3.29,8.69,Silence,True
4845,3.35,4.31,Silence,False
4846,2.73,8.96,Burst,True
4847,1.94,7.91,Silence,False
4848,1.35,2.28,Down,False
4849,3.77,2.89,Silence,True
4850,5.05,7.17,Burst,True
4851,0.74,6.47,Silence,False
4852,5.54,1.98,Down,False
4853,1.63,6.77,Normal,False
4854,0.04,7.53,Burst,False
4855,0.82,9.91,Down,False
4856,5.67,7.54,Silence,False
4857,5.89,0.17,Down,True
4858,4.73,8.76,Burst,False
4859,3.57,1.96,Down,True
4860,2.03,7.72,Normal,True
4861,0.35,3.37,Burst,False
4862,0.97,8.14,Down,True
4863,4.56,2.59,Down,False
4864,0.87,4.12,Silence,False
4865,4.55,0.95,Silence,True
4866,4.36,1.77,Burst,True
4867,4.62,6.87,Normal,True
4868,3.25,8.99,Burst,False
4869,3.7,0.89,Normal,True
4870,1.12,4.49,Burst,False
4871,4.63,5.02,Normal,False
4872,2.61,9.45,Normal,False
4873,2.64,4.64,Normal,False
4874,5.4,7.82,Silence,False
4875,4.77,8.92,Silence,True
4876,4.57,1.46,Down,False
4877,4.77,2.86,Silence,False
4878,3.56,9.04,Silence,False
4879,3.12,1.69,Silence,True
4880,4.37,1.25,Burst,False
4881,5.29,0.49,Down,False
4882,4.49,9.54,Burst,False
4883,2.1,2.35,Normal,False
4884,3.5,8.05,Burst,True
4885,2.95,6.52,Normal,True
4886,3.28,4.05,Silence,True
4887,5.34,7.95,Silence,True
4888,0.31,4.75,Normal,True
4889,3.49,5.94,Normal,False
4890,0.37,3.18,Down,False
4891,0.77,6.98,Burst,True
4892,2.5,3.87,Burst,False
4893,5.83,9.66,Normal,True
4894,1.71,2.54,Burst,True
4895,5.78,0.05,Normal,True
4896,1.17,8.44,Normal,True
4897,3.59,6.95,Silence,False
4898,0.09,1.97,Burst,True
4899,2.22,1.8,Burst,False
4900,3.09,7.82,Silence,False
4901,4.28,4.01,Silence,True
4902,1.82,9.28,Down,True
4903,4.65,8.53,Silence,False
4904,5.02,9.16,Normal,True
4905,2.41,0.44,Down,True
4906,3.4,3.33,Normal,True
4907,1.16,9.26,Burst,False
4908,0.12,4.42,Burst,False
4909,1.62,6.57,Normal,False
4910,3.88,1.18,Normal,True
4911,4.05,4.39,Normal,True
4912,3.15,5.27,Normal,False
4913,2.17,3.32,Down,True
4914,3.0,9.02,Silence,False
4915,1.66,6.92,Burst,False
4916,1.52,0.1,Silence,True
4917,4.0,8.32,Burst,False
4918,1.0,4.23,Silence,False
4919,2.75,6.39,Silence,False
4920,5.09,0.07,Normal,False
4921,5.16,3.92,Down,False
4922,0.44,4.5,Burst,True
4923,3.37,3.63,Burst,True
4924,4.86,9.83,Silence,False
4925,1.49,7.56,Silence,False
4926,1.64,3.24,Burst,True
4927,0.96,6.8,Normal,False
4928,1.47,0.54,Normal,True
4929,3.65,8.76,Burst,False
4930,4.95,0.6,Normal,True
4931,5.51,7.71,Normal,True
4932,1.73,6.52,Burst,True
4933,0.72,5.72,Burst,True
4934,5.19,3.12,Normal,True
4935,0.31,1.14,Burst,False
4936,3.81,6.78,Silence,True
4937,3.0,6.9,Normal,False
4938,2.29,7.0,Down,False
4939,5.38,1.14,Down,False
4940,1.72,8.93,Normal,False
4941,1.29,6.35,Down,True
4942,0.1,0.07,Down,False
4943,0.62,1.56,Normal,False
4944,4.5,0.28,Down,True
4945,0.77,2.84,Silence,True
4946,4.53,1.76,Silence,True
4947,0.71,2.29,Burst,True
4948,3.68,4.76,Burst,False
4949,2.05,5.09,Silence,False
4950,3.11,2.61,Silence,True
4951,2.63,3.6,Down,False
4952,1.14,1.37,Silence,True
4953,0.48,8.74,Down,True
4954,3.19,1.06,Down,False
4955,1.23,6.37,Down,False
4956,1.55,5.16,Down,True
4957,2.08,9.87,Normal,True
4958,3.5,3.47,Burst,True
4959,2.84,6.53,Burst,False
4960,4.48,0.5,Normal,True
4961,2.49,7.57,Silence,False
4962,3.09,6.47,Burst,False
4963,1.21,5.82,Down,True
4964,5.59,2.65,Normal,False
4965,2.26,2.29,Normal,True
4966,5.01,2.46,Burst,False
4967,1.98,4.37,Down,True
4968,2.04,7.59,Down,False
4969,0.61,0.41,Normal,True
4970,3.9,0.34,Down,True
4971,2.29,7.53,Burst,False
4972,4.54,7.14,Burst,True
4973,4.3,1.25,Normal,False
4974,2.24,0.91,Silence,False
4975,2.39,9.28,Down,True
4976,1.41,0.74,Normal,True
4977,1.35,4.43,Down,True
4978,4.29,0.27,Normal,True
4979,2.67,8.32,Burst,True
4980,2.68,6.48,Silence,True
4981,4.44,0.25,Silence,True
4982,2.91,9.25,Burst,False
4983,5.7,2.8,Burst,True
4984,1.8,6.03,Down,False
4985,4.35,9.73,Down,True
4986,3.74,4.95,Normal,False
4987,5.76,8.82,Down,True
4988,2.45,0.76,Down,True
4989,1.55,2.18,Down,False
4990,3.95,0.8,Normal,False
4991,0.28,4.83,Burst,False
4992,0.05,7.18,Burst,False
4993,1.69,8.53,Down,False
4994,3.78,0.19,Silence,True
4995,4.26,5.47,Down,True
4996,5.6,4.8,Down,True
4997,1.98,2.47,Normal,False
4998,2.03,2.99,Burst,False
4999,2.57,8.13,Burst,True
5000,2.69,8.52,Down,True
