id,Seismic_Mag,Radiation_uSv,Comms_State,AOI_Hit
1,2.65,8.06,Normal,True
2,1.45,7.57,Down,False
3,5.86,7.88,Burst,False
4,2.16,6.63,Down,False
5,5.98,6.24,Silence,True
6,2.07,5.02,Normal,True
7,4.22,5.33,Down,True
8,2.9,2.71,Normal,False
9,5.06,5.77,Normal,True
10,0.78,9.66,Down,False
11,1.05,8.57,Normal,True
12,2.51,1.01,Down,False
13,5.07,2.69,Silence,False
14,2.49,7.9,Down,True
15,3.84,4.84,Normal,True
16,3.88,1.6,Down,False
17,5.19,9.7,Normal,True
18,1.26,9.7,Down,True
19,5.13,0.56,Silence,True
20,1.82,3.75,Burst,False
21,1.61,6.7,Normal,False
22,5.42,6.33,Silence,False
23,2.85,2.24,Normal,False
24,2.26,5.65,Silence,True
25,4.46,2.35,Silence,True
26,0.59,3.64,Down,False
27,3.62,7.53,Down,False
28,0.92,6.78,Down,True
29,1.06,5.23,Silence,True
30,2.82,4.3,Silence,False
31,0.25,0.49,Burst,False
32,5.21,7.77,Normal,False
33,2.92,5.47,Burst,False
34,1.39,0.44,Down,False
35,5.72,8.6,Down,True
36,1.64,4.15,Normal,True
37,5.0,3.05,Down,True
38,5.39,9.41,Silence,True
39,4.9,7.81,Silence,False
40,1.72,1.31,Normal,True
41,0.55,4.79,Burst,False
42,1.46,0.23,Normal,True
43,5.22,8.04,Silence,True
44,3.25,2.85,Normal,True
45,0.44,8.49,Normal,False
46,1.69,6.57,Down,True
47,3.18,6.31,Burst,True
48,3.35,3.35,Down,False
49,4.33,1.84,Down,False
50,2.99,0.75,Burst,False
51,5.91,3.65,Silence,False
52,3.68,1.48,Silence,True
53,5.26,1.91,Down,False
54,4.05,2.63,Normal,True
55,2.38,6.08,Normal,True
56,4.22,9.88,Normal,False
57,5.28,9.35,Burst,False
58,0.24,8.24,Burst,True
59,4.37,4.45,Normal,True
60,1.28,6.61,Down,True
61,5.27,7.37,Normal,False
62,4.09,2.69,Silence,False
63,3.14,2.29,Down,False
64,4.71,0.02,Down,False
65,0.07,2.82,Burst,True
66,0.17,5.8,Silence,False
67,1.7,3.61,Burst,False
68,3.45,1.46,Burst,True
69,4.39,5.72,Normal,True
70,4.26,8.1,Down,False
71,4.52,0.95,Silence,False
72,3.57,5.9,Burst,True
73,4.26,4.36,Silence,True
74,0.46,0.47,Down,True
75,1.92,7.93,Silence,True
76,0.32,0.18,Burst,True
77,4.22,5.91,Silence,False
78,5.7,6.3,Down,False
79,1.76,3.88,Down,False
80,1.2,3.47,Normal,True
81,4.29,3.38,Burst,True
82,5.06,1.35,Burst,False
83,3.38,5.02,Normal,False
84,5.24,3.66,Silence,True
85,1.46,4.48,Down,False
86,3.05,1.51,Burst,True
87,4.56,2.8,Silence,True
88,4.4,3.88,Normal,True
89,0.25,1.39,Down,False
90,1.56,0.14,Silence,True
91,0.69,3.78,Burst,True
92,0.81,8.05,Normal,False
93,3.44,6.21,Silence,True
94,0.07,6.26,Down,True
95,0.2,7.72,Normal,False
96,0.54,4.21,Silence,False
97,3.02,7.42,Normal,True
98,4.28,1.15,Down,False
99,1.7,3.49,Burst,True
100,5.64,2.37,Normal,True
101,0.9,9.71,Silence,False
102,1.25,1.22,Burst,True
103,1.48,3.98,Burst,True
104,4.25,8.66,Silence,True
105,3.6,2.92,Silence,False
106,1.29,2.55,Normal,True
107,2.46,2.06,Down,False
108,0.87,9.05,Normal,True
109,5.02,7.03,Down,True
110,1.86,9.59,Down,True
111,2.45,2.04,Silence,False
112,3.54,3.28,Normal,True
113,5.68,3.05,Normal,False
114,4.88,3.15,Normal,False
115,3.89,2.81,Down,True
116,1.74,0.76,Burst,False
117,0.75,0.51,Burst,False
118,2.37,0.52,Normal,True
119,5.01,5.37,Normal,True
120,3.9,9.48,Silence,False
121,0.95,9.4,Silence,False
122,2.89,4.64,Down,False
123,4.52,4.65,Burst,False
124,2.69,6.83,Silence,False
125,0.6,5.24,Silence,False
126,3.6,7.78,Burst,True
127,5.33,5.97,Silence,True
128,2.4,6.46,Silence,False
129,0.04,3.61,Silence,True
130,5.33,6.58,Silence,False
131,0.21,5.32,Down,True
132,1.87,2.17,Silence,False
133,3.81,9.54,Normal,False
134,4.55,5.2,Silence,False
135,4.24,1.26,Normal,False
136,4.18,7.75,Silence,False
137,4.92,2.04,Burst,False
138,3.49,3.95,Burst,False
139,1.29,4.68,Silence,False
140,0.38,5.87,Silence,True
141,4.67,3.74,Normal,False
142,4.25,8.4,Burst,False
143,5.33,8.36,Normal,False
144,5.44,6.79,Normal,True
145,2.28,7.1,Down,True
146,1.38,3.51,Normal,False
147,3.09,6.71,Burst,True
148,5.96,7.26,Normal,True
149,2.31,0.06,Silence,True
150,1.77,4.14,Normal,True
151,3.53,1.75,Normal,False
152,5.27,7.86,Burst,False
153,5.73,1.82,Down,True
154,4.24,7.69,Burst,True
155,4.85,9.78,Normal,False
156,3.88,5.98,Down,True
157,3.29,6.35,Burst,True
158,2.93,0.9,Down,True
159,3.62,5.95,Down,True
160,1.58,7.96,Normal,True
161,5.41,0.56,Normal,True
162,5.84,0.03,Normal,True
163,4.95,5.46,Down,False
164,0.82,9.29,Burst,False
165,4.79,1.28,Silence,True
166,5.07,0.6,Down,True
167,2.65,8.05,Burst,True
168,0.54,5.57,Burst,False
169,4.75,7.31,Normal,False
170,5.74,4.14,Down,True
171,3.18,2.56,Burst,True
172,0.43,4.55,Down,True
173,5.98,9.24,Down,False
174,0.59,2.76,Normal,False
175,1.24,7.06,Burst,False
176,4.58,8.94,Burst,True
177,3.83,6.79,Normal,True
178,1.15,9.41,Down,True
179,1.65,9.36,Silence,False
180,0.42,0.55,Down,False
181,3.64,6.16,Down,True
182,3.17,0.18,Down,True
183,3.53,4.63,Silence,True
184,4.62,4.75,Normal,False
185,3.18,1.12,Silence,False
186,2.09,2.43,Normal,True
187,0.89,4.46,Burst,True
188,2.39,1.46,Silence,True
189,1.41,0.98,Normal,True
190,0.62,3.66,Normal,False
191,5.95,3.45,Burst,False
192,1.68,3.57,Burst,True
193,4.82,0.6,Silence,False
194,1.77,9.41,Normal,True
195,4.94,6.91,Silence,True
196,2.21,7.83,Normal,False
197,3.52,3.41,Burst,False
198,0.59,9.59,Silence,True
199,2.38,2.77,Silence,False
200,1.6,3.95,Down,False
201,0.74,8.13,Silence,False
202,0.67,2.24,Burst,True
203,5.23,6.25,Burst,False
204,3.76,9.54,Down,True
205,2.05,3.92,Silence,False
206,5.17,1.8,Silence,False
207,4.27,7.17,Burst,False
208,2.65,4.55,Burst,True
209,3.03,9.25,Normal,True
210,4.04,3.86,Silence,False
211,5.33,4.08,Normal,True
212,4.51,4.55,Normal,True
213,1.76,9.45,Silence,False
214,1.4,8.7,Burst,True
215,0.24,6.45,Normal,False
216,5.37,6.45,Silence,False
217,5.38,3.76,Down,False
218,0.79,6.83,Burst,True
219,2.14,4.66,Burst,False
220,0.17,4.86,Silence,True
221,5.66,6.75,Down,True
222,5.1,9.44,Down,True
223,0.88,8.72,Burst,True
224,4.88,2.76,Down,True
225,0.48,5.59,Down,False
226,1.73,9.71,Burst,False
227,1.84,4.42,Burst,True
228,3.34,2.54,Burst,True
229,4.13,5.53,Normal,True
230,2.11,6.04,Down,False
231,5.54,2.82,Down,False
232,5.37,5.54,Silence,False
233,5.69,5.54,Normal,True
234,5.01,7.12,Burst,True
235,1.39,4.23,Burst,True
236,0.06,6.69,Burst,False
237,5.12,0.08,Burst,False
238,0.06,5.65,Normal,True
239,3.14,4.98,Down,False
240,3.86,2.05,Silence,False
241,2.08,1.25,Normal,True
242,1.65,3.22,Down,True
243,2.86,7.4,Down,True
244,1.05,3.61,Normal,True
245,0.18,7.62,Down,True
246,0.82,8.95,Normal,True
247,3.31,7.4,Silence,True
248,4.14,7.87,Normal,True
249,2.49,9.36,Down,False
250,4.63,9.54,Burst,True
251,2.48,8.69,Burst,False
252,4.75,2.0,Silence,False
253,4.14,9.34,Silence,True
254,0.75,8.55,Burst,True
255,1.41,8.4,Normal,False
256,3.7,4.13,Silence,False
257,0.72,0.28,Down,True
258,0.24,4.97,Normal,True
259,3.91,8.01,Normal,True
260,5.67,3.41,Burst,False
261,1.7,3.71,Normal,False
262,2.03,7.04,Normal,False
263,1.81,3.07,Burst,False
264,0.24,0.66,Silence,True
265,1.92,4.52,Down,False
266,5.48,9.9,Silence,True
267,2.21,1.39,Silence,True
268,3.43,1.43,Burst,True
269,1.87,3.64,Silence,True
270,1.28,1.58,Silence,True
271,4.39,6.33,Normal,False
272,3.25,7.21,Burst,False
273,2.44,9.64,Normal,True
274,3.95,5.09,Normal,False
275,5.59,3.22,Burst,False
276,3.42,8.29,Silence,False
277,0.89,5.79,Burst,False
278,2.82,8.09,Down,True
279,5.34,6.53,Down,True
280,0.26,2.63,Normal,True
281,0.31,8.87,Silence,False
282,5.07,7.25,Down,True
283,4.04,2.25,Normal,True
284,5.94,0.24,Silence,False
285,3.58,6.96,Down,False
286,5.8,2.41,Down,True
287,4.72,2.96,Silence,False
288,2.26,9.61,Normal,True
289,2.82,6.03,Down,False
290,5.62,2.93,Normal,True
291,1.63,2.98,Down,False
292,3.14,6.45,Down,True
293,5.44,1.22,Normal,False
294,5.02,7.57,Normal,True
295,0.1,2.41,Burst,False
296,0.23,2.82,Normal,False
297,4.19,7.77,Normal,False
298,0.08,9.31,Silence,True
299,2.76,8.63,Burst,False
300,1.5,4.4,Down,False
301,3.82,6.59,Normal,True
302,3.63,4.52,Down,False
303,4.6,4.18,Silence,False
304,2.23,2.52,Down,False
305,4.56,5.69,Silence,True
306,4.07,9.54,Burst,True
307,2.18,7.97,Normal,False
308,5.02,1.68,Burst,True
309,1.18,3.09,Burst,True
310,2.61,1.53,Silence,True
311,3.34,7.8,Silence,False
312,2.34,0.21,Silence,False
313,3.33,9.7,Silence,False
314,1.04,7.49,Normal,False
315,0.8,7.24,Down,True
316,1.35,0.26,Burst,True
317,3.98,9.36,Normal,True
318,3.95,1.8,Down,False
319,0.43,7.75,Burst,False
320,2.95,0.48,Normal,False
321,1.9,0.02,Normal,True
322,4.65,1.93,Down,True
323,4.68,9.21,Normal,True
324,3.67,3.12,Silence,False
325,1.13,9.93,Down,False
326,2.55,6.09,Silence,False
327,4.43,7.39,Burst,True
328,1.32,9.5,Down,True
329,0.21,0.3,Down,True
330,1.4,0.84,Burst,True
331,5.08,7.26,Silence,True
332,3.06,8.77,Silence,False
333,3.07,1.22,Burst,True
334,3.16,8.42,Burst,True
335,2.84,3.88,Silence,False
336,0.03,9.48,Silence,False
337,0.47,8.64,Normal,False
338,3.95,9.54,Burst,False
339,1.73,5.38,Down,False
340,4.71,8.79,Down,False
341,1.99,8.26,Burst,True
342,1.04,9.18,Down,True
343,2.74,2.18,Silence,False
344,5.52,9.78,Burst,True
345,2.92,8.61,Normal,True
346,4.58,0.8,Normal,True
347,4.76,7.81,Silence,False
348,3.3,8.11,Burst,False
349,0.1,6.21,Normal,False
350,4.1,1.69,Down,True
351,5.43,9.84,Down,False
352,5.65,3.14,Silence,False
353,3.56,9.35,Down,False
354,2.84,3.73,Burst,False
355,0.64,5.53,Down,True
356,1.64,3.26,Down,False
357,1.21,0.54,Down,True
358,4.54,8.49,Normal,False
359,5.28,8.68,Normal,False
360,4.85,7.59,Down,True
361,0.58,0.18,Silence,False
362,2.22,5.15,Silence,True
363,0.74,3.99,Silence,True
364,5.91,9.09,Silence,False
365,4.9,4.67,Normal,True
366,1.6,1.64,Burst,True
367,1.52,1.77,Normal,False
368,1.57,2.69,Burst,False
369,1.64,5.9,Normal,False
370,4.77,5.12,Silence,True
371,0.12,2.79,Burst,False
372,4.24,9.94,Down,False
373,0.4,6.94,Burst,False
374,0.72,3.51,Normal,False
375,5.28,9.9,Normal,True
376,1.17,8.67,Down,False
377,0.35,2.64,Normal,False
378,2.13,1.46,Normal,True
379,5.38,0.1,Down,False
380,0.99,8.1,Normal,False
381,1.1,5.9,Normal,True
382,4.81,8.13,Normal,False
383,4.88,3.93,Down,True
384,4.09,8.51,Silence,False
385,0.58,4.48,Silence,True
386,5.05,5.89,Burst,True
387,0.03,6.02,Burst,False
388,2.35,4.38,Silence,False
389,1.3,7.6,Burst,True
390,1.24,3.38,Burst,False
391,1.85,1.37,Normal,False
392,0.48,6.37,Normal,False
393,3.6,9.76,Silence,False
394,1.35,1.97,Burst,True
395,0.21,3.29,Burst,True
396,4.83,9.08,Normal,True
397,1.67,7.75,Normal,True
398,3.9,0.86,Normal,True
399,1.52,9.87,Normal,False
400,1.75,7.4,Down,False
401,1.82,8.27,Down,True
402,4.25,6.83,Normal,False
403,0.61,4.31,Silence,True
404,6.0,4.34,Down,False
405,0.62,1.83,Silence,False
406,2.0,6.71,Normal,False
407,3.39,2.55,Normal,True
408,3.53,1.03,Normal,True
409,0.62,0.29,Silence,False
410,0.13,1.47,Normal,False
411,5.07,8.3,Normal,True
412,3.59,9.96,Normal,True
413,2.63,2.88,Down,True
414,3.97,4.33,Down,False
415,1.85,6.21,Down,False
416,0.62,9.49,Normal,True
417,4.16,9.94,Burst,True
418,0.54,7.72,Burst,True
419,3.13,3.86,Normal,False
420,2.13,4.48,Down,True
421,2.49,7.22,Normal,False
422,1.7,6.75,Down,True
423,2.15,8.1,Burst,False
424,5.5,7.09,Burst,True
425,2.56,3.5,Normal,True
426,4.08,6.59,Silence,False
427,1.16,1.08,Down,True
428,1.37,2.29,Normal,True
429,3.21,9.96,Silence,False
430,5.87,7.73,Silence,False
431,1.41,6.68,Down,False
432,2.61,1.77,Burst,False
433,1.55,1.18,Down,True
434,4.99,9.16,Silence,True
435,5.84,5.58,Burst,False
436,5.27,1.53,Normal,True
437,5.78,5.79,Down,False
438,4.05,5.71,Silence,True
439,1.01,3.37,Down,True
440,1.43,4.04,Silence,True
441,2.37,2.69,Silence,False
442,0.09,4.93,Down,False
443,3.97,3.47,Silence,True
444,4.52,8.47,Normal,True
445,3.78,5.75,Burst,False
446,2.55,0.18,Down,False
447,4.0,1.94,Burst,False
448,0.25,3.13,Down,False
449,1.86,0.59,Down,True
450,3.8,0.87,Silence,True
451,1.48,3.44,Normal,True
452,1.41,1.4,Silence,True
453,0.81,4.04,Normal,True
454,3.27,9.96,Burst,True
455,5.4,6.33,Burst,False
456,5.92,6.84,Down,False
457,4.58,8.34,Normal,False
458,3.87,3.06,Silence,False
459,1.17,7.39,Silence,False
460,0.75,8.31,Silence,False
461,2.19,6.1,Silence,False
462,0.8,2.42,Normal,True
463,4.37,1.53,Normal,True
464,2.2,8.35,Down,False
465,4.43,0.32,Burst,False
466,4.03,9.6,Down,True
467,3.74,5.32,Normal,False
468,4.13,9.82,Down,False
469,2.9,8.08,Silence,False
470,1.42,1.64,Burst,False
471,5.25,6.94,Burst,True
472,5.66,7.0,Normal,False
473,1.78,6.19,Down,True
474,1.66,3.44,Normal,True
475,1.82,7.1,Burst,False
476,2.61,0.24,Down,True
477,5.5,6.96,Burst,False
478,4.73,9.22,Silence,True
479,0.62,0.92,Burst,True
480,5.16,5.39,Normal,True
481,1.83,5.29,Down,True
482,2.92,5.26,Burst,False
483,5.73,4.28,Burst,True
484,3.82,0.51,Silence,False
485,1.63,4.42,Normal,True
486,2.12,1.21,Silence,True
487,0.43,5.34,Burst,True
488,2.93,9.28,Burst,True
489,0.55,0.38,Burst,False
490,4.17,9.63,Normal,False
491,0.93,9.15,Burst,True
492,0.3,4.76,Normal,False
493,4.96,4.27,Silence,True
494,3.5,7.41,Silence,False
495,2.17,0.95,Burst,True
496,0.64,4.02,Silence,False
497,3.39,9.59,Down,False
498,0.63,4.91,Down,True
499,0.17,1.04,Burst,True
500,5.0,7.65,Normal,True
501,2.96,9.79,Burst,False
502,3.38,2.8,Normal,True
503,4.32,6.38,Burst,True
504,5.98,7.4,Burst,True
505,3.61,7.41,Normal,True
506,0.5,5.29,Normal,True
507,4.03,2.27,Down,False
508,0.58,9.06,Burst,True
509,4.81,9.88,Burst,False
510,5.9,7.41,Down,False
511,4.98,8.43,Normal,True
512,2.51,0.14,Silence,True
513,3.16,4.78,Burst,False
514,3.06,2.59,Down,True
515,1.2,1.32,Down,True
516,1.81,3.25,Down,False
517,5.48,5.15,Down,False
518,0.09,2.54,Normal,False
519,3.81,7.71,Normal,True
520,4.12,6.11,Silence,True
521,4.18,8.21,Silence,False
522,3.74,7.24,Normal,False
523,1.68,9.25,Normal,True
524,2.15,5.86,Burst,True
525,4.92,2.33,Down,False
526,1.04,7.24,Burst,True
527,0.54,6.18,Silence,False
528,3.17,9.24,Burst,True
529,5.44,0.36,Silence,True
530,0.98,5.57,Burst,True
531,0.74,9.28,Down,False
532,3.97,5.94,Burst,False
533,5.35,2.55,Down,True
534,3.02,1.83,Silence,True
535,1.22,0.03,Burst,True
536,4.3,9.17,Burst,True
537,0.41,3.27,Down,True
538,2.94,6.38,Down,False
539,2.42,7.6,Silence,True
540,0.78,2.91,Silence,True
541,1.29,3.17,Burst,False
542,0.5,6.1,Down,True
543,3.41,7.58,Normal,False
544,2.01,0.99,Normal,False
545,5.73,4.87,Normal,True
546,4.37,4.14,Down,False
547,4.38,9.24,Burst,False
548,2.03,5.21,Silence,False
549,5.92,5.54,Silence,True
550,4.68,7.82,Silence,True
551,1.0,8.18,Normal,False
552,3.72,6.14,Down,False
553,2.58,2.11,Burst,False
554,2.57,2.61,Normal,False
555,5.84,4.59,Normal,False
556,3.54,3.77,Normal,True
557,0.81,0.5,Burst,True
558,2.48,4.27,Normal,True
559,1.89,6.11,Down,False
560,4.81,5.2,Normal,False
561,5.62,5.55,Silence,False
562,1.54,5.45,Normal,False
563,1.08,4.81,Burst,False
564,1.02,8.81,Normal,True
565,4.42,5.68,Down,True
566,1.68,0.06,Burst,False
567,5.32,2.31,Normal,False
568,1.35,4.25,Silence,True
569,1.66,3.58,Down,False
570,3.21,6.39,Normal,False
571,0.98,5.14,Silence,True
572,0.97,5.54,Silence,False
573,1.57,1.87,Silence,True
574,5.1,2.73,Silence,False
575,4.21,3.7,Normal,False
576,3.36,1.83,Down,True
577,0.39,2.34,Burst,False
578,3.16,0.17,Silence,True
579,2.83,8.25,Silence,False
580,1.92,9.9,Burst,False
581,0.75,6.4,Down,True
582,4.3,1.39,Silence,True
583,4.12,4.93,Down,True
584,5.62,6.01,Normal,True
585,2.32,7.62,Silence,False
586,3.54,6.14,Burst,True
587,2.0,0.47,Burst,False
588,2.9,6.26,Down,False
589,4.74,7.1,Normal,True
590,0.91,0.47,Normal,True
591,5.46,5.14,Silence,False
592,5.08,0.88,Silence,True
593,4.76,8.11,Silence,True
594,1.2,0.27,Down,True
595,3.88,2.45,Down,False
596,1.2,1.12,Burst,True
597,2.11,1.18,Normal,False
598,2.13,2.56,Normal,False
599,5.0,8.01,Down,False
600,0.09,5.66,Burst,False
601,4.17,1.95,Normal,True
602,1.86,5.92,Burst,False
603,2.05,5.62,Down,True
604,1.68,8.17,Burst,False
605,5.59,3.67,Down,False
606,3.96,4.9,Down,True
607,1.29,4.26,Burst,True
608,2.9,7.49,Burst,False
609,1.13,1.92,Down,False
610,4.77,7.79,Silence,False
611,5.19,0.54,Silence,False
612,0.07,4.05,Silence,True
613,1.44,7.39,Normal,False
614,0.27,3.2,Normal,False
615,3.07,0.48,Silence,True
616,0.75,9.13,Down,True
617,3.9,0.04,Down,False
618,3.18,7.87,Burst,True
619,1.23,8.78,Down,True
620,0.15,1.44,Burst,False
621,4.1,6.36,Silence,False
622,5.75,0.13,Normal,False
623,2.84,6.75,Down,True
624,4.3,6.8,Burst,True
625,5.87,2.73,Normal,True
626,1.39,0.06,Burst,True
627,0.77,2.59,Burst,True
628,0.07,8.3,Silence,True
629,2.2,9.4,Normal,False
630,2.49,0.48,Silence,True
631,1.47,8.51,Silence,False
632,5.05,6.77,Burst,True
633,2.7,3.63,Silence,True
634,4.35,7.0,Silence,False
635,5.4,5.97,Silence,False
636,5.66,1.01,Silence,True
637,3.62,2.58,Down,True
638,0.99,8.16,Normal,True
639,0.2,0.2,Normal,False
640,1.77,9.48,Burst,True
641,1.11,6.65,Normal,True
642,4.66,4.87,Silence,True
643,3.56,0.89,Silence,True
644,5.5,8.5,Normal,False
645,2.85,2.64,Silence,False
646,4.0,6.54,Burst,True
647,4.83,4.31,Normal,False
648,0.29,9.17,Burst,False
649,0.09,8.81,Burst,False
650,5.61,5.04,Silence,True
651,2.84,5.52,Down,False
652,0.85,7.18,Down,False
653,3.48,8.1,Normal,True
654,5.86,5.09,Burst,False
655,1.87,4.47,Down,True
656,1.77,5.37,Burst,False
657,4.18,1.47,Down,False
658,1.08,7.67,Silence,True
659,3.28,9.57,Normal,True
660,1.81,4.16,Burst,True
661,1.04,1.2,Normal,False
662,5.15,7.27,Silence,False
663,3.98,8.8,Burst,True
664,3.61,0.9,Burst,True
665,5.95,8.58,Down,True
666,4.59,5.28,Burst,False
667,4.22,2.14,Down,False
668,5.54,4.68,Silence,True
669,1.21,8.99,Burst,True
670,4.66,3.98,Down,False
671,1.6,8.34,Burst,False
672,3.93,2.83,Normal,False
673,4.75,3.7,Normal,True
674,4.52,1.54,Down,True
675,1.68,8.46,Down,True
676,5.49,1.85,Burst,False
677,1.08,7.86,Normal,True
678,0.51,1.74,Burst,False
679,1.35,4.98,Down,True
680,3.99,4.82,Burst,False
681,3.8,4.01,Down,True
682,1.1,6.09,Silence,True
683,4.05,9.39,Silence,True
684,3.95,1.9,Silence,True
685,5.28,6.47,Down,True
686,4.12,4.64,Burst,True
687,5.59,8.45,Normal,False
688,3.03,6.15,Silence,True
689,5.05,7.1,Normal,True
690,3.24,5.81,Burst,False
691,4.81,5.68,Burst,False
692,2.38,0.56,Normal,True
693,1.45,6.54,Burst,False
694,5.34,7.07,Silence,True
695,2.43,8.49,Burst,True
696,5.84,0.9,Normal,False
697,1.74,6.15,Burst,False
698,5.75,0.81,Down,False
699,3.87,9.23,Silence,True
700,2.56,2.21,Normal,True
701,2.34,8.88,Down,False
702,2.53,8.79,Normal,False
703,4.99,9.14,Down,False
704,0.87,7.48,Down,True
705,5.17,0.14,Normal,False
706,4.3,4.71,Down,True
707,5.06,6.12,Silence,False
708,1.77,3.7,Down,True
709,0.2,5.74,Silence,True
710,1.12,9.17,Down,False
711,2.93,9.63,Normal,True
712,3.13,5.87,Burst,False
713,3.75,5.28,Normal,False
714,5.05,5.51,Burst,True
715,5.67,0.06,Down,True
716,1.17,9.67,Down,True
717,5.83,0.1,Down,True
718,0.24,2.78,Burst,False
719,0.57,2.12,Burst,False
720,4.73,4.82,Silence,False
721,4.65,4.13,Down,True
722,0.35,8.5,Burst,False
723,1.69,1.3,Silence,True
724,3.76,6.45,Silence,True
725,4.04,0.01,Normal,True
726,0.66,1.74,Normal,False
727,0.91,5.67,Burst,False
728,1.56,3.93,Silence,False
729,1.02,4.4,Burst,True
730,2.45,0.37,Down,False
731,0.44,1.7,Normal,True
732,1.68,2.6,Down,True
733,1.52,2.29,Down,False
734,2.63,8.23,Burst,False
735,0.53,1.48,Silence,False
736,4.26,5.5,Normal,True
737,3.84,9.37,Burst,True
738,1.49,6.59,Silence,True
739,2.42,1.66,Burst,True
740,2.68,8.72,Burst,False
741,2.82,8.69,Burst,True
742,5.77,1.29,Burst,True
743,3.04,9.56,Normal,False
744,4.88,1.35,Burst,False
745,1.92,1.2,Normal,False
746,5.41,3.66,Down,False
747,3.0,1.69,Normal,True
748,2.65,8.9,Down,False
749,1.26,4.56,Burst,False
750,0.38,3.58,Normal,False
751,0.87,8.33,Burst,False
752,3.0,9.07,Normal,False
753,0.73,0.57,Burst,True
754,5.42,4.79,Silence,False
755,2.45,6.77,Normal,False
756,1.88,6.76,Burst,True
757,2.92,3.21,Down,True
758,1.08,6.3,Burst,False
759,1.58,1.4,Down,True
760,2.18,1.37,Silence,False
761,4.68,9.03,Down,True
762,2.49,2.79,Silence,True
763,1.37,9.63,Silence,False
764,3.55,3.91,Normal,True
765,3.55,2.49,Silence,True
766,0.33,6.09,Silence,False
767,0.44,8.85,Normal,False
768,1.33,6.8,Down,True
769,1.81,5.18,Down,False
770,2.53,6.65,Silence,False
771,4.43,2.23,Down,False
772,2.68,1.08,Burst,True
773,2.48,8.84,Normal,True
774,3.99,3.11,Down,False
775,2.22,3.25,Down,False
776,3.33,4.05,Silence,True
777,1.99,8.69,Normal,False
778,3.98,3.86,Normal,False
779,4.76,0.72,Normal,False
780,4.03,3.93,Normal,False
781,0.22,8.7,Normal,True
782,0.51,3.15,Burst,True
783,5.05,7.48,Silence,True
784,5.6,9.8,Burst,True
785,0.59,2.63,Down,False
786,1.5,6.69,Burst,True
787,2.08,9.62,Down,True
788,3.61,4.65,Normal,True
789,1.09,6.34,Down,True
790,3.42,4.34,Normal,True
791,1.91,3.54,Silence,False
792,5.06,1.06,Down,True
793,3.59,7.69,Burst,False
794,4.0,9.43,Normal,True
795,3.33,5.14,Burst,True
796,2.22,0.63,Silence,True
797,3.05,8.05,Burst,False
798,0.23,5.29,Silence,False
799,5.76,6.77,Silence,False
800,0.71,6.03,Silence,False
801,5.16,4.67,Normal,True
802,5.15,2.31,Normal,False
803,5.71,5.53,Normal,True
804,3.21,0.53,Down,True
805,4.47,5.18,Silence,True
806,5.24,9.54,Silence,True
807,0.04,8.84,Silence,False
808,1.39,6.67,Silence,False
809,1.25,1.0,Normal,True
810,0.97,5.04,Burst,True
811,5.35,7.47,Down,False
812,4.49,7.0,Burst,True
813,4.12,0.51,Burst,False
814,1.6,8.67,Burst,False
815,2.41,4.87,Down,False
816,2.89,0.75,Burst,True
817,5.62,7.47,Burst,False
818,0.94,1.51,Silence,False
819,3.12,9.03,Normal,True
820,1.03,6.63,Silence,True
821,2.37,8.26,Normal,False
822,4.55,0.72,Silence,True
823,4.19,1.07,Burst,True
824,0.13,5.75,Silence,False
825,1.31,1.02,Silence,True
826,2.6,2.97,Down,False
827,5.7,7.0,Down,True
828,0.64,0.45,Down,True
829,2.22,0.15,Normal,False
830,1.35,4.43,Down,False
831,3.95,4.99,Burst,False
832,5.34,8.45,Burst,False
833,4.58,1.84,Burst,True
834,3.3,7.64,Burst,True
835,1.43,7.39,Normal,True
836,5.64,2.69,Burst,True
837,4.24,8.87,Silence,False
838,3.22,5.95,Silence,False
839,5.55,0.83,Silence,False
840,3.55,9.7,Silence,True
841,2.08,5.17,Normal,True
842,2.7,6.34,Down,True
843,3.33,4.94,Silence,False
844,4.16,9.95,Down,True
845,4.66,1.8,Down,True
846,3.32,5.04,Normal,True
847,0.27,4.41,Burst,False
848,5.56,6.69,Burst,False
849,5.26,8.03,Silence,True
850,2.28,4.51,Down,False
851,2.63,7.19,Burst,False
852,2.36,8.66,Down,False
853,1.94,4.99,Normal,False
854,4.38,5.05,Normal,False
855,4.05,4.25,Silence,True
856,5.58,3.37,Silence,True
857,5.26,7.4,Burst,False
858,0.41,7.51,Normal,True
859,3.25,8.37,Normal,False
860,3.91,2.14,Silence,False
861,1.51,4.9,Normal,False
862,3.29,2.39,Silence,False
863,4.2,9.61,Burst,False
864,2.23,7.72,Normal,False
865,3.75,1.79,Silence,False
866,1.34,6.76,Down,True
867,5.1,4.02,Normal,False
868,4.12,4.9,Silence,True
869,3.32,5.57,Normal,True
870,1.21,7.46,Burst,True
871,5.82,6.52,Normal,False
872,1.38,8.52,Normal,True
873,5.87,1.67,Down,False
874,3.51,2.54,Burst,False
875,3.1,1.82,Burst,True
876,2.1,3.07,Down,True
877,3.94,3.25,Normal,False
878,4.98,3.15,Burst,True
879,4.9,6.03,Silence,True
880,3.5,9.93,Normal,False
881,3.02,0.16,Silence,False
882,2.15,5.29,Down,True
883,0.7,5.94,Burst,True
884,5.73,5.29,Normal,False
885,0.48,7.67,Normal,False
886,5.54,0.65,Down,False
887,0.79,1.34,Burst,True
888,5.06,5.66,Normal,True
889,2.45,1.84,Silence,False
890,2.6,4.37,Down,True
891,3.93,6.6,Silence,False
892,2.07,1.53,Silence,False
893,0.04,7.24,Burst,False
894,4.21,6.49,Burst,False
895,2.15,4.91,Silence,True
896,5.39,8.36,Down,False
897,4.46,0.83,Down,True
898,5.77,5.47,Down,True
899,3.84,6.8,Silence,False
900,3.52,0.39,Burst,True
901,4.29,7.02,Normal,True
902,1.47,1.57,Silence,False
903,3.45,4.68,Silence,True
904,3.07,3.91,Silence,True
905,3.18,7.16,Silence,False
906,1.7,0.12,Silence,True
907,3.12,7.38,Normal,False
908,5.44,6.54,Normal,True
909,2.11,3.07,Normal,True
910,0.99,3.48,Normal,True
911,3.59,7.89,Normal,True
912,5.66,6.09,Burst,False
913,1.23,1.12,Burst,False
914,5.2,0.02,Silence,False
915,4.53,7.16,Burst,False
916,3.86,0.81,Silence,True
917,2.91,3.85,Silence,False
918,3.41,9.3,Burst,True
919,4.02,2.73,Silence,False
920,3.9,4.98,Down,False
921,4.05,3.39,Burst,False
922,1.72,3.93,Normal,False
923,0.21,4.1,Down,False
924,5.08,2.98,Burst,False
925,2.54,5.59,Normal,True
926,3.2,9.34,Down,False
927,1.27,9.01,Burst,True
928,2.98,1.73,Silence,False
929,1.86,1.12,Silence,False
930,0.75,0.33,Silence,True
931,0.8,2.58,Normal,True
932,3.24,3.42,Down,True
933,3.01,7.06,Burst,True
934,0.74,6.63,Down,True
935,3.08,6.9,Burst,False
936,4.41,0.93,Silence,True
937,2.94,5.55,Down,True
938,0.17,5.9,Normal,True
939,5.26,2.69,Burst,True
940,3.3,9.38,Burst,False
941,4.98,0.17,Silence,True
942,4.38,2.8,Down,True
943,2.28,7.65,Normal,False
944,0.08,8.51,Down,False
945,1.84,4.49,Burst,True
946,2.83,8.44,Normal,True
947,0.29,2.53,Burst,True
948,5.29,2.45,Normal,True
949,0.75,5.46,Normal,False
950,3.38,6.75,Silence,False
951,0.2,9.12,Silence,False
952,1.28,8.88,Silence,True
953,0.77,6.84,Burst,True
954,4.41,7.07,Silence,False
955,5.81,0.23,Burst,True
956,5.44,0.11,Down,False
957,1.36,9.09,Silence,True
958,4.44,5.61,Down,False
959,3.37,8.51,Down,False
960,3.18,9.67,Silence,True
961,5.45,9.08,Silence,False
962,1.35,6.46,Down,False
963,4.42,0.18,Burst,False
964,5.69,2.38,Normal,True
965,4.88,7.22,Down,False
966,2.89,4.68,Down,True
967,4.06,5.39,Normal,True
968,4.02,5.44,Down,False
969,1.96,2.85,Burst,False
970,1.41,0.67,Down,False
971,2.96,5.99,Burst,False
972,0.94,0.56,Burst,False
973,0.14,8.96,Down,True
974,0.16,1.05,Silence,True
975,3.65,3.7,Normal,True
976,4.92,6.25,Silence,False
977,2.05,9.34,Burst,False
978,5.7,0.89,Silence,False
979,0.83,0.73,Down,True
980,5.67,3.99,Burst,True
981,5.85,9.02,Silence,False
982,0.84,6.16,Burst,False
983,1.3,5.6,Normal,False
984,5.25,0.77,Down,False
985,5.03,7.93,Down,False
986,5.67,8.27,Silence,True
987,0.39,6.74,Silence,True
988,4.26,3.83,Normal,True
989,1.89,4.96,Normal,False
990,5.97,9.74,Normal,False
991,2.36,1.82,Burst,False
992,1.9,3.6,Normal,False
993,1.6,0.95,Burst,True
994,3.98,1.23,Normal,False
995,0.69,2.19,Silence,True
996,2.51,2.56,Down,False
997,4.5,7.66,Down,False
998,5.84,7.7,Silence,False
999,5.44,4.96,Down,False
1000,1.2,4.09,Burst,True
1001,3.09,8.87,Down,False
1002,4.53,3.33,Down,False
1003,1.63,9.48,Normal,False
1004,5.71,9.21,Silence,False
1005,5.48,1.04,Silence,True
1006,3.57,2.16,Down,False
1007,3.81,8.72,Silence,False
1008,2.8,7.58,Silence,True
1009,0.14,0.24,Silence,True
1010,0.59,0.94,Down,True
1011,5.34,0.32,Silence,False
1012,5.49,6.13,Burst,False
1013,5.45,2.19,Normal,True
1014,1.77,3.45,Silence,False
1015,5.8,2.42,Normal,True
1016,3.26,2.34,Down,True
1017,0.28,4.26,Silence,True
1018,5.77,9.62,Normal,True
1019,0.17,7.46,Burst,True
1020,3.12,9.82,Down,True
1021,1.17,4.44,Burst,True
1022,3.77,5.25,Silence,False
1023,1.82,0.57,Down,True
1024,4.21,6.18,Down,True
1025,2.62,9.8,Normal,False
1026,4.18,0.86,Normal,True
1027,3.28,9.81,Normal,True
1028,3.3,9.19,Silence,False
1029,5.05,1.55,Down,True
1030,2.91,1.91,Normal,True
1031,0.1,2.21,Normal,False
1032,3.83,3.63,Normal,True
1033,0.48,8.53,Silence,False
1034,5.92,4.28,Silence,False
1035,0.85,3.99,Burst,True
1036,1.14,2.57,Normal,True
1037,1.64,0.59,Down,False
1038,1.56,9.32,Silence,False
1039,0.15,4.57,Down,True
1040,2.76,4.24,Burst,False
1041,5.94,4.52,Down,True
1042,5.35,0.34,Down,True
1043,4.29,0.58,Burst,False
1044,2.28,8.36,Normal,True
1045,1.37,6.33,Down,True
1046,1.79,2.2,Down,False
1047,0.84,6.13,Normal,False
1048,1.49,9.64,Down,False
1049,2.14,1.11,Down,False
1050,3.91,1.4,Normal,True
1051,5.81,2.05,Down,False
1052,5.18,3.47,Down,True
1053,1.16,3.13,Burst,True
1054,2.89,4.12,Silence,False
1055,3.22,2.97,Normal,False
1056,4.81,4.85,Burst,True
1057,3.92,0.11,Normal,True
1058,3.66,2.27,Down,False
1059,3.23,3.58,Normal,False
1060,2.58,6.48,Normal,True
1061,0.07,8.8,Silence,False
1062,4.12,3.73,Silence,True
1063,3.53,8.41,Normal,False
1064,5.25,4.5,Burst,False
1065,3.71,3.82,Down,False
1066,5.12,9.29,Normal,False
1067,2.89,8.37,Burst,True
1068,4.84,8.86,Normal,True
1069,5.18,8.17,Silence,False
1070,0.15,8.26,Silence,False
1071,0.11,2.79,Down,False
1072,4.72,4.24,Burst,False
1073,2.37,3.74,Burst,False
1074,1.61,7.61,Burst,False
1075,5.28,6.89,Normal,True
1076,5.61,6.31,Silence,True
1077,1.21,6.27,Down,True
1078,0.52,7.16,Down,False
1079,1.11,7.79,Normal,True
1080,5.49,4.73,Normal,True
1081,3.49,2.32,Down,False
1082,2.8,3.7,Silence,False
1083,5.8,6.12,Silence,True
1084,1.49,7.17,Normal,True
1085,4.26,0.04,Burst,True
1086,3.11,0.46,Normal,True
1087,1.97,0.14,Down,False
1088,2.06,7.2,Burst,True
1089,4.73,4.43,Burst,True
1090,2.38,8.1,Normal,False
1091,3.48,0.69,Silence,False
1092,0.04,7.22,Normal,True
1093,4.76,4.69,Silence,False
1094,2.78,1.72,Burst,True
1095,1.49,6.14,Burst,False
1096,1.14,1.86,Silence,True
1097,5.98,9.91,Burst,False
1098,5.74,3.75,Normal,True
1099,0.96,5.43,Burst,False
1100,1.73,4.73,Down,False
1101,0.83,3.87,Normal,False
1102,5.03,8.07,Burst,False
1103,1.46,6.18,Down,False
1104,0.47,5.21,Silence,False
1105,4.41,7.55,Down,True
1106,0.41,8.3,Normal,False
1107,1.0,6.37,Burst,True
1108,5.18,2.21,Silence,True
1109,4.94,0.66,Down,False
1110,4.42,8.93,Down,True
1111,2.84,8.61,Burst,False
1112,5.24,9.44,Silence,False
1113,4.14,4.5,Normal,False
1114,1.52,3.19,Burst,False
1115,2.36,2.21,Normal,True
1116,0.11,7.93,Burst,False
1117,4.84,1.85,Silence,True
1118,1.95,1.84,Burst,False
1119,1.84,4.7,Down,False
1120,5.29,6.42,Burst,True
1121,3.12,7.25,Burst,False
1122,2.53,3.56,Silence,True
1123,1.03,7.83,Normal,False
1124,0.82,8.54,Burst,True
1125,0.81,2.05,Silence,True
1126,1.12,1.18,Normal,True
1127,3.23,2.87,Normal,False
1128,0.01,0.66,Down,False
1129,1.95,0.01,Silence,False
1130,2.35,8.9,Silence,True
1131,2.41,4.34,Down,True
1132,4.79,7.55,Down,True
1133,0.76,9.98,Down,True
1134,1.05,0.86,Silence,False
1135,0.2,1.93,Burst,True
1136,4.46,2.03,Normal,True
1137,0.48,9.42,Burst,True
1138,4.58,7.03,Silence,False
1139,0.12,3.05,Down,False
1140,1.38,1.89,Burst,False
1141,0.85,7.87,Down,False
1142,4.35,8.31,Burst,False
1143,2.17,2.68,Silence,False
1144,1.56,9.06,Normal,True
1145,0.65,0.48,Burst,False
1146,4.69,3.47,Silence,False
1147,2.53,9.14,Normal,True
1148,3.21,3.4,Down,True
1149,3.09,2.68,Silence,False
1150,1.81,2.46,Normal,True
1151,2.95,5.5,Silence,True
1152,1.97,2.75,Normal,False
1153,0.98,0.88,Burst,False
1154,3.03,1.6,Burst,True
1155,0.01,8.41,Normal,False
1156,2.46,5.99,Burst,False
1157,2.62,2.9,Burst,False
1158,0.15,6.69,Down,False
1159,1.07,7.4,Burst,True
1160,5.07,6.6,Burst,False
1161,4.87,4.13,Down,True
1162,4.99,0.85,Normal,True
1163,0.82,6.89,Down,True
1164,5.38,5.16,Normal,False
1165,3.89,6.99,Down,True
1166,5.67,7.07,Silence,True
1167,1.9,4.82,Normal,False
1168,5.24,1.44,Burst,False
1169,0.4,6.31,Down,True
1170,2.74,3.31,Down,False
1171,0.92,8.02,Burst,False
1172,3.79,1.81,Silence,False
1173,1.91,2.95,Down,True
1174,3.44,3.42,Silence,False
1175,1.62,5.96,Burst,False
1176,0.5,5.23,Silence,True
1177,0.99,9.84,Normal,False
1178,2.89,8.45,Burst,True
1179,1.47,9.86,Silence,True
1180,3.35,7.21,Down,False
1181,1.59,9.96,Burst,False
1182,5.75,7.65,Down,False
1183,2.39,9.01,Burst,True
1184,4.68,7.11,Silence,False
1185,5.46,2.31,Burst,False
1186,4.1,1.25,Normal,True
1187,3.85,3.91,Normal,False
1188,1.79,0.66,Silence,False
1189,4.58,3.95,Down,False
1190,4.57,7.44,Normal,True
1191,2.45,2.51,Down,True
1192,2.08,9.4,Normal,True
1193,5.02,2.87,Silence,False
1194,2.23,0.48,Silence,True
1195,3.64,4.37,Normal,True
1196,0.13,2.46,Normal,False
1197,2.19,8.87,Normal,True
1198,0.07,9.55,Down,True
1199,1.41,2.76,Burst,True
1200,4.77,0.26,Down,False
1201,4.66,9.62,Silence,False
1202,4.85,3.74,Burst,False
1203,3.64,0.35,Normal,True
1204,2.53,3.41,Silence,False
1205,0.74,7.62,Down,False
1206,0.16,1.28,Down,False
1207,2.82,6.01,Down,True
1208,1.28,0.09,Down,True
1209,2.15,0.97,Burst,True
1210,0.44,1.23,Down,True
1211,4.34,4.73,Silence,True
1212,0.53,5.3,Silence,True
1213,3.74,7.57,Normal,False
1214,3.68,2.43,Burst,True
1215,5.42,9.6,Silence,True
1216,4.31,8.87,Burst,True
1217,5.26,8.52,Down,True
1218,4.48,6.43,Silence,False
1219,5.73,6.39,Silence,False
1220,2.12,9.5,Burst,False
1221,2.78,1.71,Silence,False
1222,0.65,2.47,Burst,True
1223,1.24,8.17,Burst,True
1224,0.98,7.53,Burst,True
1225,2.5,9.45,Down,False
1226,0.74,1.3,Silence,True
1227,5.15,3.51,Burst,True
1228,3.27,3.68,Normal,False
1229,4.98,9.61,Burst,True
1230,1.53,9.41,Normal,False
1231,4.49,3.48,Burst,False
1232,2.24,0.25,Normal,True
1233,1.84,5.59,Down,True
1234,3.58,6.31,Burst,False
1235,2.19,3.71,Normal,True
1236,0.43,5.44,Burst,False
1237,2.18,8.35,Down,False
1238,4.91,4.56,Silence,False
1239,3.55,3.3,Normal,True
1240,3.57,7.6,Normal,True
1241,4.24,7.56,Normal,False
1242,3.24,7.97,Silence,True
1243,1.51,7.35,Silence,True
1244,4.79,3.71,Silence,False
1245,0.58,7.52,Burst,True
1246,4.03,6.99,Burst,False
1247,4.78,8.01,Silence,False
1248,5.05,7.15,Down,True
1249,0.91,9.74,Down,False
1250,1.62,8.75,Down,False
1251,4.82,6.07,Down,True
1252,1.75,1.04,Burst,False
1253,5.26,8.63,Normal,True
1254,1.74,3.56,Burst,True
1255,1.06,3.58,Silence,True
1256,5.09,7.37,Silence,True
1257,5.08,1.26,Burst,True
1258,4.8,4.73,Burst,False
1259,4.53,1.89,Down,True
1260,2.37,5.98,Down,True
1261,0.04,8.14,Burst,False
1262,5.99,1.19,Silence,False
1263,0.85,9.59,Normal,True
1264,2.26,4.23,Silence,True
1265,4.51,9.75,Down,True
1266,4.71,9.7,Burst,True
1267,1.16,5.25,Burst,True
1268,2.53,7.95,Normal,True
1269,4.52,1.58,Burst,False
1270,2.26,5.46,Silence,False
1271,3.26,6.38,Silence,True
1272,1.21,0.95,Silence,True
1273,4.3,0.19,Down,False
1274,5.11,0.38,Silence,True
1275,5.77,3.16,Silence,True
1276,4.91,4.65,Silence,True
1277,5.89,4.44,Down,True
1278,1.8,1.46,Silence,False
1279,0.61,4.74,Down,True
1280,4.77,5.14,Normal,True
1281,4.17,6.5,Down,True
1282,2.58,0.19,Burst,True
1283,0.34,9.77,Normal,True
1284,3.23,2.75,Burst,False
1285,1.75,4.8,Silence,True
1286,2.58,5.67,Burst,False
1287,4.93,9.17,Silence,True
1288,0.18,2.43,Normal,True
1289,5.05,2.18,Normal,True
1290,2.62,7.76,Burst,True
1291,1.33,2.91,Silence,False
1292,3.37,8.87,Burst,False
1293,0.48,0.49,Burst,True
1294,0.36,6.2,Normal,False
1295,3.75,7.8,Normal,True
1296,4.08,4.89,Silence,False
1297,5.33,1.76,Down,True
1298,5.5,9.01,Burst,False
1299,0.86,1.63,Burst,True
1300,1.16,1.43,Burst,False
1301,0.23,7.41,Down,True
1302,1.98,1.01,Down,False
1303,4.65,0.55,Down,True
1304,3.82,1.64,Burst,True
1305,5.24,8.38,Normal,False
1306,1.1,6.8,Normal,True
1307,3.01,5.76,Down,False
1308,1.85,4.23,Down,True
1309,5.46,7.47,Down,True
1310,3.28,1.9,Normal,True
1311,2.0,0.15,Burst,True
1312,3.84,7.84,Down,True
1313,1.09,3.02,Silence,True
1314,1.34,2.26,Down,True
1315,3.39,1.54,Burst,False
1316,4.54,2.28,Normal,True
1317,4.18,8.96,Burst,False
1318,2.81,7.16,Normal,True
1319,2.33,8.17,Silence,True
1320,0.63,8.03,Normal,False
1321,3.31,8.38,Silence,False
1322,4.55,4.88,Normal,True
1323,3.1,2.03,Silence,True
1324,5.94,0.88,Burst,False
1325,1.41,5.12,Burst,True
1326,2.5,6.37,Normal,True
1327,0.34,8.32,Silence,True
1328,5.03,7.86,Normal,False
1329,0.62,9.13,Burst,False
1330,0.5,2.88,Silence,True
1331,2.07,6.18,Burst,False
1332,5.61,5.33,Burst,True
1333,0.43,8.26,Normal,True
1334,4.6,0.18,Silence,False
1335,0.33,1.36,Burst,True
1336,2.44,2.95,Silence,True
1337,2.75,3.87,Silence,False
1338,2.96,1.61,Burst,True
1339,3.91,5.12,Down,True
1340,3.3,6.34,Silence,True
1341,1.14,5.51,Normal,False
1342,3.37,0.67,Silence,False
1343,4.24,0.59,Normal,True
1344,2.66,0.59,Burst,False
1345,0.79,1.99,Burst,True
1346,3.96,0.18,Silence,True
1347,4.07,6.08,Down,False
1348,4.6,8.95,Down,True
1349,3.72,8.18,Normal,False
1350,4.24,5.09,Burst,True
1351,5.42,5.94,Normal,False
1352,5.29,6.57,Burst,True
1353,1.65,8.66,Down,True
1354,2.28,3.27,Down,True
1355,1.34,0.66,Normal,False
1356,3.25,0.46,Burst,True
1357,2.82,2.84,Down,True
1358,1.53,2.44,Silence,False
1359,5.66,8.03,Burst,False
1360,3.48,1.1,Normal,False
1361,0.68,0.69,Burst,False
1362,5.0,5.34,Silence,False
1363,5.29,9.25,Burst,False
1364,5.07,1.1,Silence,True
1365,1.06,8.23,Silence,True
1366,0.03,2.89,Down,True
1367,4.74,4.93,Burst,True
1368,4.13,6.44,Burst,False
1369,0.73,0.86,Normal,False
1370,0.07,3.63,Burst,False
1371,0.87,4.94,Silence,False
1372,4.95,7.52,Burst,False
1373,4.98,1.38,Normal,False
1374,5.98,0.93,Normal,False
1375,0.13,5.61,Silence,True
1376,5.15,6.5,Down,False
1377,1.95,9.01,Silence,False
1378,3.65,0.3,Down,True
1379,4.37,0.42,Burst,False
1380,2.32,0.3,Burst,False
1381,5.61,8.9,Down,True
1382,2.78,5.25,Down,True
1383,0.1,6.86,Normal,False
1384,3.75,7.3,Normal,True
1385,5.04,7.24,Normal,True
1386,5.0,4.93,Normal,True
1387,5.16,9.95,Burst,False
1388,0.95,5.49,Burst,False
1389,5.13,3.04,Burst,True
1390,3.71,1.74,Burst,False
1391,2.95,5.79,Normal,False
1392,3.62,3.73,Down,False
1393,2.53,1.6,Normal,True
1394,3.4,8.01,Burst,True
1395,1.86,7.38,Burst,False
1396,1.26,6.47,Down,False
1397,5.36,6.31,Normal,False
1398,1.14,0.04,Silence,True
1399,3.88,6.92,Silence,False
1400,0.93,9.41,Burst,True
1401,0.06,5.02,Normal,True
1402,3.51,7.47,Silence,True
1403,4.65,9.95,Silence,True
1404,0.33,5.9,Normal,True
1405,2.52,2.63,Burst,True
1406,2.96,3.51,Normal,False
1407,5.18,4.77,Burst,False
1408,3.71,5.42,Burst,True
1409,5.94,7.74,Down,False
1410,2.44,5.87,Burst,False
1411,4.33,8.06,Burst,False
1412,5.61,6.36,Down,False
1413,5.08,6.26,Normal,False
1414,3.86,0.98,Silence,True
1415,5.89,4.32,Normal,True
1416,5.64,9.66,Down,True
1417,1.77,9.95,Down,False
1418,0.34,6.78,Down,False
1419,2.02,6.91,Silence,False
1420,0.53,0.31,Burst,True
1421,3.49,9.47,Down,False
1422,3.63,2.23,Silence,True
1423,1.62,9.51,Normal,True
1424,1.49,6.0,Normal,False
1425,1.14,3.56,Down,False
1426,5.43,2.12,Down,False
1427,2.28,5.9,Normal,True
1428,0.08,1.71,Burst,False
1429,1.02,4.96,Normal,True
1430,1.95,9.16,Burst,True
1431,5.88,9.54,Silence,True
1432,5.38,5.41,Burst,True
1433,0.62,9.81,Silence,True
1434,2.28,6.23,Normal,True
1435,5.75,7.73,Silence,True
1436,4.66,9.41,Down,False
1437,4.75,6.51,Down,True
1438,2.76,2.69,Burst,False
1439,1.82,2.7,Silence,False
1440,1.58,5.65,Burst,False
1441,2.48,6.17,Burst,True
1442,1.54,1.87,Burst,False
1443,0.76,5.8,Down,True
1444,4.13,8.3,Burst,False
1445,5.71,5.49,Silence,True
1446,5.43,8.43,Normal,False
1447,0.48,9.32,Burst,True
1448,1.04,1.84,Down,False
1449,2.75,1.83,Down,False
1450,0.35,9.91,Burst,True
1451,1.67,6.84,Normal,True
1452,3.38,6.26,Normal,True
1453,4.82,0.06,Normal,False
1454,2.93,2.61,Burst,True
1455,3.71,8.64,Normal,False
1456,1.37,4.68,Down,True
1457,4.64,5.72,Silence,False
1458,4.18,7.52,Burst,True
1459,4.37,8.97,Burst,True
1460,1.56,6.84,Normal,True
1461,4.68,0.43,Down,False
1462,5.18,0.66,Down,True
1463,2.1,6.3,Burst,False
1464,0.32,3.22,Burst,True
1465,5.3,9.17,Silence,False
1466,2.0,1.8,Down,True
1467,4.6,5.38,Silence,True
1468,4.91,6.93,Down,False
1469,2.88,7.48,Silence,True
1470,5.61,4.27,Down,False
1471,3.43,0.8,Normal,False
1472,5.44,0.46,Silence,True
1473,3.35,4.25,Silence,False
1474,0.42,1.64,Down,True
1475,3.74,6.23,Normal,True
1476,1.56,5.72,Burst,False
1477,1.69,2.22,Silence,True
1478,1.17,9.86,Burst,False
1479,3.16,8.82,Silence,False
1480,3.09,6.51,Down,True
1481,2.02,3.42,Normal,True
1482,4.43,8.47,Silence,False
1483,2.49,7.07,Down,True
1484,3.63,8.39,Silence,True
1485,2.97,0.56,Burst,False
1486,5.51,0.01,Down,True
1487,1.0,7.98,Silence,False
1488,2.92,9.45,Burst,False
1489,3.26,1.6,Down,False
1490,5.27,2.92,Burst,True
1491,5.42,7.92,Down,False
1492,2.92,6.49,Normal,True
1493,2.83,4.5,Normal,True
1494,5.11,4.41,Silence,False
1495,0.03,4.66,Burst,True
1496,1.77,1.0,Silence,False
1497,2.92,8.99,Burst,False
1498,0.97,5.8,Silence,True
1499,1.24,5.69,Down,True
1500,1.8,6.68,Down,True
1501,3.83,9.61,Down,True
1502,5.13,3.93,Down,False
1503,1.39,3.23,Burst,True
1504,2.0,7.18,Normal,True
1505,5.84,8.92,Burst,False
1506,0.78,4.58,Down,False
1507,0.49,2.1,Down,False
1508,3.4,2.58,Normal,False
1509,5.61,6.05,Normal,False
1510,2.37,9.32,Down,False
1511,4.79,3.75,Burst,True
1512,5.14,9.7,Normal,False
1513,3.68,8.3,Down,True
1514,2.78,3.91,Normal,False
1515,3.09,9.18,Burst,False
1516,0.84,5.18,Silence,False
1517,0.53,0.57,Burst,False
1518,4.97,3.12,Normal,False
1519,3.6,3.92,Burst,True
1520,1.04,2.05,Down,False
1521,1.3,1.4,Burst,False
1522,0.34,1.2,Burst,False
1523,2.01,1.82,Down,False
1524,1.96,2.62,Burst,True
1525,1.2,3.62,Burst,False
1526,4.8,6.97,Down,True
1527,5.75,5.15,Burst,False
1528,5.87,2.55,Silence,False
1529,5.93,6.45,Down,False
1530,2.42,1.46,Silence,False
1531,1.59,4.88,Down,True
1532,5.23,0.18,Normal,True
1533,4.57,0.3,Down,True
1534,3.75,6.49,Burst,True
1535,0.36,1.6,Burst,False
1536,3.34,1.21,Normal,False
1537,2.22,4.65,Burst,True
1538,5.44,8.88,Normal,True
1539,5.37,1.95,Silence,False
1540,2.8,9.13,Burst,False
1541,1.29,6.07,Silence,True
1542,3.87,7.24,Silence,True
1543,0.36,5.95,Silence,True
1544,2.87,5.89,Silence,False
1545,3.66,4.85,Normal,True
1546,2.64,3.94,Normal,True
1547,3.38,1.78,Burst,True
1548,2.09,1.62,Normal,False
1549,5.86,8.82,Silence,False
1550,5.92,7.96,Burst,True
1551,3.13,4.62,Burst,True
1552,4.61,0.97,Silence,False
1553,2.32,0.43,Silence,False
1554,5.55,3.17,Normal,False
1555,5.53,0.2,Normal,False
1556,4.95,8.92,Silence,True
1557,4.64,8.45,Normal,True
1558,5.58,1.97,Silence,True
1559,4.22,1.88,Silence,False
1560,1.58,2.34,Burst,False
1561,2.96,0.56,Down,False
1562,4.5,6.1,Silence,False
1563,2.3,7.93,Down,True
1564,2.81,1.25,Burst,False
1565,1.35,7.92,Normal,True
1566,3.25,8.79,Normal,False
1567,1.95,7.98,Normal,True
1568,3.41,0.39,Normal,True
1569,3.74,5.25,Burst,False
1570,0.03,3.89,Normal,True
1571,3.74,6.83,Normal,True
1572,0.7,9.08,Burst,True
1573,2.19,4.54,Burst,False
1574,4.12,4.94,Normal,False
1575,5.97,8.0,Down,False
1576,2.98,6.74,Normal,True
1577,4.67,1.85,Burst,False
1578,5.3,0.29,Burst,False
1579,3.44,6.61,Burst,True
1580,0.9,1.99,Normal,False
1581,3.14,8.37,Normal,True
1582,5.53,9.68,Burst,True
1583,3.51,5.17,Burst,False
1584,5.42,4.17,Down,True
1585,3.71,3.79,Burst,False
1586,4.73,8.34,Silence,False
1587,1.32,3.46,Normal,False
1588,5.66,3.57,Burst,True
1589,5.6,0.95,Down,True
1590,4.86,5.12,Down,True
1591,0.05,9.01,Normal,True
1592,5.74,5.76,Silence,True
1593,2.35,6.21,Normal,True
1594,0.2,2.53,Burst,False
1595,5.9,3.81,Down,False
1596,1.42,3.97,Normal,True
1597,2.07,2.18,Silence,True
1598,5.54,1.8,Burst,True
1599,1.58,8.72,Silence,False
1600,1.89,7.37,Burst,True
1601,2.31,2.7,Silence,True
1602,4.61,2.83,Burst,True
1603,2.16,9.66,Silence,False
1604,4.05,7.09,Normal,True
1605,1.09,4.89,Silence,False
1606,2.1,0.36,Silence,True
1607,2.13,0.38,Silence,False
1608,4.56,6.12,Burst,True
1609,0.62,8.65,Burst,False
1610,4.0,3.68,Burst,False
1611,5.46,9.86,Burst,True
1612,4.26,1.11,Silence,True
1613,2.09,4.58,Normal,True
1614,5.28,7.38,Down,False
1615,2.5,2.66,Down,False
1616,0.66,9.44,Silence,False
1617,5.66,1.43,Silence,True
1618,5.67,9.62,Silence,False
1619,3.8,4.35,Down,True
1620,2.63,7.35,Silence,False
1621,2.99,8.24,Down,True
1622,3.78,3.97,Burst,True
1623,5.0,9.99,Normal,False
1624,1.47,9.52,Burst,False
1625,3.07,3.22,Normal,False
1626,3.27,8.61,Silence,True
1627,2.27,6.34,Silence,False
1628,5.84,7.36,Burst,True
1629,0.97,0.0,Silence,True
1630,2.24,5.5,Burst,False
1631,4.81,3.56,Burst,True
1632,3.72,6.73,Silence,True
1633,5.77,3.85,Silence,False
1634,2.28,1.51,Normal,False
1635,0.76,7.82,Down,False
1636,2.35,8.34,Silence,True
1637,4.52,4.91,Silence,True
1638,4.2,2.26,Normal,True
1639,3.01,6.29,Normal,False
1640,1.44,9.5,Silence,True
1641,3.81,4.96,Silence,False
1642,3.92,9.23,Down,True
1643,3.11,4.0,Normal,False
1644,1.82,0.06,Normal,False
1645,1.34,1.12,Silence,False
1646,0.63,2.0,Normal,True
1647,4.01,1.54,Burst,True
1648,5.29,7.84,Burst,True
1649,4.08,1.83,Silence,True
1650,0.32,2.28,Down,False
1651,1.11,4.86,Burst,False
1652,4.05,5.3,Burst,True
1653,0.33,5.37,Burst,False
1654,5.9,3.22,Down,True
1655,3.39,5.24,Burst,False
1656,1.35,4.73,Normal,True
1657,1.42,4.31,Normal,False
1658,3.15,2.25,Down,False
1659,3.87,6.59,Normal,False
1660,2.8,1.18,Silence,True
1661,2.55,1.23,Down,True
1662,2.89,5.61,Down,False
1663,5.64,1.51,Burst,True
1664,3.31,8.38,Normal,False
1665,0.39,2.06,Down,True
1666,0.07,4.17,Down,True
1667,1.11,2.62,Down,False
1668,1.82,8.19,Burst,False
1669,4.01,1.41,Burst,True
1670,4.5,1.62,Burst,False
1671,0.48,0.33,Silence,False
1672,4.35,6.91,Burst,False
1673,4.18,0.05,Silence,True
1674,0.1,5.02,Silence,False
1675,1.62,4.33,Silence,True
1676,4.76,9.14,Silence,False
1677,2.66,9.24,Silence,True
1678,0.33,2.7,Silence,True
1679,2.39,4.94,Silence,False
1680,4.72,7.59,Burst,False
1681,4.34,3.08,Normal,False
1682,5.44,0.37,Silence,True
1683,4.54,6.43,Down,False
1684,1.78,6.67,Silence,False
1685,3.65,8.43,Silence,False
1686,4.74,8.3,Normal,False
1687,5.01,1.15,Normal,True
1688,5.29,6.55,Silence,True
1689,4.68,5.33,Burst,False
1690,5.77,4.67,Normal,True
1691,2.13,5.0,Silence,False
1692,5.6,1.96,Silence,True
1693,5.61,1.79,Normal,False
1694,5.78,3.19,Down,True
1695,1.65,3.15,Down,True
1696,5.03,0.79,Normal,False
1697,4.82,8.69,Down,False
1698,1.98,2.99,Normal,False
1699,4.33,1.89,Normal,False
1700,2.34,1.77,Down,False
1701,5.6,0.42,Normal,True
1702,4.67,2.58,Silence,False
1703,4.87,5.04,Burst,True
1704,1.92,0.1,Normal,False
1705,3.45,1.12,Down,False
1706,4.2,0.14,Down,True
1707,1.76,9.61,Burst,False
1708,5.91,5.28,Down,False
1709,5.29,1.45,Silence,False
1710,0.76,4.61,Down,False
1711,5.4,5.8,Normal,False
1712,5.76,1.68,Normal,False
1713,4.4,8.59,Silence,True
1714,5.01,9.66,Burst,False
1715,3.57,1.61,Silence,True
1716,0.36,0.12,Down,True
1717,3.32,3.53,Silence,False
1718,0.31,6.76,Burst,True
1719,2.68,6.58,Burst,True
1720,1.54,6.1,Normal,True
1721,2.21,8.17,Burst,False
1722,3.02,4.35,Silence,False
1723,0.84,5.68,Burst,True
1724,3.95,5.49,Silence,True
1725,0.41,8.91,Down,True
1726,1.97,6.86,Burst,False
1727,1.17,8.61,Burst,True
1728,3.54,2.29,Down,True
1729,4.17,3.27,Burst,False
1730,2.09,2.01,Down,True
1731,1.33,7.25,Burst,True
1732,1.53,8.0,Normal,True
1733,1.36,2.85,Burst,True
1734,1.97,1.4,Down,True
1735,5.3,9.74,Down,False
1736,1.91,5.3,Burst,False
1737,4.37,3.58,Normal,True
1738,4.8,4.34,Down,True
1739,2.87,7.23,Silence,True
1740,5.88,3.52,Burst,False
1741,3.03,0.33,Burst,False
1742,5.55,1.77,Burst,False
1743,2.17,2.09,Down,False
1744,0.71,8.46,Burst,False
1745,1.33,7.67,Normal,False
1746,2.82,6.59,Normal,True
1747,3.73,3.66,Normal,False
1748,5.78,9.75,Silence,False
1749,1.92,0.72,Silence,True
1750,0.97,0.19,Burst,True
1751,2.32,6.32,Silence,True
1752,1.65,2.17,Burst,False
1753,5.64,0.7,Down,False
1754,0.07,8.11,Down,True
1755,5.88,8.31,Down,True
1756,4.95,6.23,Silence,True
1757,5.12,0.67,Normal,True
1758,3.5,8.4,Burst,False
1759,2.16,7.81,Burst,True
1760,4.74,8.54,Normal,True
1761,4.11,3.43,Down,True
1762,1.8,6.41,Normal,True
1763,5.0,0.29,Down,True
1764,5.34,6.77,Normal,False
1765,1.95,0.85,Normal,True
1766,4.67,7.31,Silence,False
1767,0.56,3.08,Normal,True
1768,3.4,9.07,Silence,False
1769,4.73,4.5,Silence,False
1770,3.1,2.94,Down,True
1771,3.6,5.27,Burst,False
1772,0.93,8.17,Normal,True
1773,2.89,6.82,Normal,False
1774,2.03,8.75,Burst,True
1775,2.86,5.48,Normal,False
1776,2.67,3.53,Down,False
1777,5.78,0.16,Normal,False
1778,3.03,1.32,Normal,True
1779,0.51,8.24,Silence,True
1780,4.45,4.69,Down,True
1781,5.63,2.57,Burst,False
1782,0.67,0.52,Normal,True
1783,3.07,1.14,Down,True
1784,1.59,7.17,Burst,True
1785,0.84,0.51,Down,False
1786,4.46,8.68,Burst,False
1787,2.24,3.54,Down,True
1788,1.39,3.58,Silence,True
1789,3.88,8.88,Burst,False
1790,1.28,0.49,Burst,True
1791,5.23,0.37,Silence,True
1792,2.31,1.76,Down,True
1793,4.42,3.45,Normal,True
1794,2.64,1.39,Normal,True
1795,2.2,0.51,Normal,False
1796,3.55,4.32,Silence,True
1797,1.62,9.77,Silence,False
1798,0.05,7.48,Silence,False
1799,5.25,7.84,Normal,True
1800,2.08,7.93,Normal,False
1801,4.72,0.57,Burst,True
1802,1.4,6.71,Normal,True
1803,5.05,9.54,Down,False
1804,5.96,1.88,Burst,False
1805,4.52,3.6,Normal,True
1806,5.0,0.47,Down,False
1807,1.97,4.84,Down,False
1808,3.4,8.65,Burst,True
1809,4.94,9.65,Burst,True
1810,0.55,6.05,Normal,False
1811,5.51,0.43,Silence,False
1812,0.02,9.85,Down,True
1813,4.42,0.86,Silence,False
1814,1.55,8.72,Down,False
1815,0.11,1.1,Burst,True
1816,2.44,7.26,Normal,True
1817,5.85,4.94,Silence,False
1818,4.83,8.89,Down,False
1819,4.35,6.4,Burst,True
1820,3.46,0.62,Down,False
1821,1.6,6.38,Burst,False
1822,2.08,9.62,Burst,True
1823,3.89,9.76,Silence,True
1824,3.09,9.87,Burst,True
1825,3.82,9.3,Silence,True
1826,2.77,3.53,Down,False
1827,5.66,2.98,Down,False
1828,0.71,5.53,Down,True
1829,2.93,1.03,Silence,True
1830,3.64,0.26,Silence,False
1831,0.34,6.54,Down,False
1832,0.19,0.53,Silence,True
1833,0.51,0.78,Burst,True
1834,2.46,7.99,Normal,False
1835,3.16,3.94,Normal,True
1836,3.23,8.78,Burst,False
1837,3.88,3.57,Burst,True
1838,1.55,8.44,Down,True
1839,2.66,3.13,Burst,False
1840,0.75,5.16,Down,False
1841,5.62,6.92,Burst,False
1842,4.59,0.08,Silence,False
1843,0.51,5.51,Silence,False
1844,0.79,0.63,Down,True
1845,5.42,7.87,Down,True
1846,0.37,7.07,Down,True
1847,5.16,2.48,Silence,True
1848,3.94,2.34,Down,False
1849,4.88,2.42,Down,True
1850,5.39,9.11,Down,True
1851,3.85,6.06,Down,True
1852,3.31,4.44,Normal,True
1853,5.21,8.06,Burst,False
1854,2.58,1.85,Silence,True
1855,3.11,0.3,Silence,False
1856,2.97,0.72,Burst,False
1857,0.52,0.32,Down,False
1858,5.9,9.29,Burst,False
1859,0.91,0.68,Silence,False
1860,0.98,9.91,Down,True
1861,3.76,8.99,Burst,False
1862,4.31,4.72,Normal,False
1863,5.13,0.14,Burst,False
1864,5.61,1.15,Down,False
1865,0.55,0.25,Down,True
1866,2.53,1.48,Burst,True
1867,0.94,3.5,Down,True
1868,1.67,8.15,Silence,True
1869,2.95,9.01,Burst,False
1870,1.84,6.05,Silence,True
1871,1.66,4.3,Silence,True
1872,3.97,0.91,Burst,False
1873,4.7,4.28,Burst,False
1874,0.84,7.96,Burst,False
1875,5.06,6.86,Burst,False
1876,1.17,9.05,Burst,False
1877,0.99,7.89,Silence,True
1878,5.49,0.73,Burst,False
1879,2.92,6.34,Down,False
1880,5.66,3.38,Silence,True
1881,3.9,9.4,Down,True
1882,5.43,6.6,Silence,False
1883,2.58,8.95,Burst,False
1884,3.28,5.17,Silence,True
1885,3.79,6.03,Silence,False
1886,5.51,7.75,Silence,True
1887,0.97,5.97,Normal,True
1888,4.35,2.27,Silence,True
1889,2.7,7.97,Burst,False
1890,5.26,1.31,Burst,False
1891,2.68,2.38,Down,False
1892,1.88,4.82,Normal,True
1893,2.89,3.66,Down,True
1894,4.35,7.16,Silence,False
1895,2.81,1.13,Burst,False
1896,5.91,4.59,Normal,False
1897,0.98,5.83,Silence,False
1898,1.96,0.53,Silence,False
1899,0.8,8.03,Down,False
1900,5.82,5.32,Burst,True
1901,3.5,9.31,Normal,True
1902,3.67,2.07,Silence,False
1903,1.54,1.84,Normal,False
1904,2.98,6.04,Burst,True
1905,3.23,6.87,Silence,False
1906,2.74,9.09,Normal,True
1907,0.07,2.71,Burst,False
1908,4.54,3.91,Silence,False
1909,2.61,1.55,Burst,True
1910,4.32,2.74,Silence,True
1911,2.41,7.59,Burst,True
1912,0.19,2.9,Burst,True
1913,3.86,6.58,Normal,True
1914,4.46,6.12,Normal,True
1915,2.55,6.61,Burst,True
1916,1.53,0.32,Down,True
1917,3.05,2.95,Normal,True
1918,4.1,3.71,Down,True
1919,4.12,6.45,Silence,False
1920,1.74,9.15,Down,False
1921,3.48,2.24,Normal,False
1922,1.68,3.51,Burst,False
1923,5.74,4.59,Silence,True
1924,5.74,5.81,Silence,True
1925,4.33,5.82,Normal,True
1926,3.68,3.12,Burst,False
1927,2.61,5.75,Silence,True
1928,0.76,4.42,Normal,True
1929,2.7,8.18,Normal,False
1930,3.14,3.47,Silence,True
1931,1.09,4.41,Normal,False
1932,2.88,1.78,Silence,False
1933,2.36,4.86,Down,False
1934,2.37,2.44,Silence,True
1935,5.64,9.56,Normal,True
1936,4.44,5.25,Down,False
1937,3.23,3.33,Normal,False
1938,0.85,2.99,Down,False
1939,5.13,5.83,Silence,False
1940,1.57,6.45,Normal,True
1941,0.42,7.76,Burst,False
1942,4.72,0.36,Burst,False
1943,2.77,4.03,Silence,True
1944,3.67,0.71,Burst,False
1945,2.84,3.33,Burst,False
1946,4.77,0.18,Silence,False
1947,2.72,1.26,Silence,True
1948,1.49,9.8,Burst,False
1949,4.21,9.32,Burst,True
1950,5.71,0.63,Normal,True
1951,0.34,8.79,Burst,True
1952,4.26,8.9,Normal,True
1953,2.29,9.71,Normal,False
1954,1.42,6.38,Down,True
1955,2.9,2.22,Normal,True
1956,3.38,8.07,Silence,True
1957,0.41,8.0,Silence,True
1958,1.26,7.42,Down,False
1959,1.16,7.28,Burst,False
1960,3.07,7.49,Silence,True
1961,5.5,6.95,Silence,False
1962,3.74,8.22,Silence,True
1963,3.66,0.07,Down,False
1964,0.55,3.57,Down,True
1965,5.39,1.14,Down,False
1966,5.34,2.35,Silence,True
1967,2.27,8.21,Down,False
1968,2.15,3.7,Burst,True
1969,4.31,1.37,Down,True
1970,1.69,2.92,Burst,True
1971,3.88,6.97,Burst,True
1972,2.73,5.47,Normal,False
1973,1.41,1.77,Down,True
1974,0.25,1.57,Down,True
1975,1.04,3.62,Silence,True
1976,3.56,6.08,Normal,True
1977,4.14,4.76,Down,False
1978,1.75,3.36,Down,True
1979,0.19,5.76,Silence,False
1980,1.93,1.16,Burst,False
1981,3.47,6.12,Silence,True
1982,5.41,0.16,Silence,True
1983,1.09,6.32,Down,False
1984,1.32,3.73,Normal,True
1985,2.59,2.54,Silence,True
1986,1.79,9.49,Down,True
1987,2.25,4.07,Silence,True
1988,3.45,0.38,Normal,True
1989,2.75,3.22,Burst,False
1990,4.76,0.84,Normal,True
1991,2.0,1.4,Normal,False
1992,3.9,8.43,Burst,True
1993,1.37,6.74,Normal,False
1994,5.8,9.57,Silence,True
1995,1.27,4.69,Down,True
1996,5.15,0.16,Burst,False
1997,0.57,6.12,Normal,True
1998,1.65,2.27,Down,False
1999,4.87,7.49,Burst,False
2000,4.21,2.87,Burst,True
2001,5.44,2.48,Normal,False
2002,4.17,6.29,Silence,True
2003,5.41,6.46,Silence,True
2004,4.77,4.34,Silence,True
2005,2.78,0.0,Down,True
2006,2.02,3.74,Burst,True
2007,4.33,6.08,Normal,True
2008,4.08,5.81,Down,True
2009,1.21,3.68,Down,True
2010,4.77,4.07,Burst,True
2011,3.22,3.01,Normal,True
2012,5.07,9.46,Down,False
2013,5.72,3.29,Burst,True
2014,1.66,0.82,Burst,False
2015,2.79,2.51,Silence,True
2016,5.63,1.09,Normal,False
2017,3.78,3.94,Silence,False
2018,2.66,4.31,Silence,True
2019,3.78,5.77,Burst,False
2020,0.55,9.2,Down,False
2021,4.32,8.9,Silence,True
2022,5.77,3.36,Down,True
2023,2.6,2.63,Down,False
2024,3.18,2.27,Normal,False
2025,0.72,5.46,Silence,False
2026,1.42,3.88,Burst,False
2027,4.98,9.27,Silence,False
2028,3.35,5.4,Normal,True
2029,5.67,0.4,Silence,False
2030,2.75,0.69,Down,True
2031,0.74,6.8,Silence,True
2032,2.09,5.8,Down,False
2033,1.59,7.17,Normal,False
2034,0.59,0.98,Silence,True
2035,1.6,5.48,Burst,False
2036,1.05,9.3,Burst,False
2037,0.17,1.34,Down,True
2038,4.72,8.08,Burst,True
2039,3.94,8.87,Burst,True
2040,2.19,9.55,Silence,True
2041,0.92,5.51,Normal,False
2042,0.87,3.13,Silence,False
2043,4.96,0.13,Silence,True
2044,0.88,5.42,Down,True
2045,3.87,7.58,Silence,True
2046,0.08,4.78,Normal,True
2047,0.01,7.84,Normal,True
2048,5.04,6.94,Silence,True
2049,5.11,9.15,Burst,False
2050,1.44,5.04,Silence,False
2051,3.97,1.9,Down,True
2052,4.82,2.85,Normal,True
2053,2.28,8.71,Down,True
2054,4.7,1.28,Normal,False
2055,2.68,0.1,Silence,False
2056,3.61,4.19,Down,False
2057,2.31,2.83,Silence,False
2058,0.09,5.51,Silence,True
2059,4.18,2.5,Normal,False
2060,5.24,5.87,Silence,True
2061,3.24,8.78,Burst,False
2062,1.93,6.16,Normal,True
2063,2.67,5.71,Burst,True
2064,1.48,8.16,Burst,True
2065,2.76,3.71,Silence,False
2066,2.49,2.15,Normal,True
2067,3.99,7.64,Down,False
2068,0.5,0.84,Burst,True
2069,4.14,8.24,Burst,False
2070,1.51,1.4,Normal,True
2071,5.52,1.21,Burst,True
2072,2.17,9.87,Silence,True
2073,2.66,8.01,Normal,True
2074,4.77,3.55,Down,True
2075,0.25,1.28,Silence,True
2076,2.75,4.29,Normal,False
2077,1.98,0.87,Burst,False
2078,3.94,2.4,Burst,True
2079,3.4,7.38,Silence,True
2080,0.1,5.5,Normal,True
2081,2.74,3.52,Silence,False
2082,3.6,3.64,Burst,True
2083,1.18,5.67,Normal,True
2084,4.17,0.74,Normal,True
2085,2.17,2.62,Normal,True
2086,2.84,4.52,Down,True
2087,4.66,3.78,Silence,True
2088,1.16,0.07,Burst,True
2089,1.14,5.88,Down,True
2090,2.75,9.22,Silence,True
2091,2.38,9.76,Burst,True
2092,4.81,5.69,Down,True
2093,0.76,3.45,Down,True
2094,2.23,0.57,Silence,False
2095,5.23,4.75,Normal,False
2096,5.01,3.37,Silence,True
2097,1.32,8.82,Burst,True
2098,4.36,6.18,Silence,False
2099,5.05,9.65,Silence,True
2100,2.06,6.35,Normal,False
2101,5.03,3.83,Down,False
2102,1.93,3.12,Down,False
2103,2.99,0.09,Down,True
2104,0.16,8.22,Normal,False
2105,4.07,4.94,Normal,True
2106,2.67,6.59,Burst,False
2107,2.15,0.48,Silence,True
2108,4.87,2.27,Silence,True
2109,2.49,3.19,Down,False
2110,5.55,3.01,Down,True
2111,5.29,9.52,Down,False
2112,3.63,9.57,Normal,True
2113,3.63,1.11,Down,True
2114,1.14,0.9,Silence,True
2115,3.57,8.41,Normal,False
2116,5.17,9.5,Down,True
2117,5.13,2.78,Silence,True
2118,3.29,0.44,Burst,True
2119,2.99,5.72,Silence,False
2120,2.9,3.97,Down,False
2121,4.22,1.37,Down,False
2122,5.73,2.66,Burst,False
2123,5.04,6.32,Burst,True
2124,0.39,8.95,Burst,True
2125,2.26,2.52,Normal,True
2126,3.4,0.56,Silence,False
2127,4.78,3.26,Down,False
2128,5.08,0.76,Burst,True
2129,2.84,1.95,Silence,True
2130,0.75,4.95,Normal,True
2131,1.05,2.02,Burst,False
2132,0.48,6.03,Burst,True
2133,0.03,7.77,Down,False
2134,0.35,6.64,Burst,True
2135,1.9,3.69,Silence,True
2136,2.32,9.31,Normal,True
2137,3.28,9.08,Burst,True
2138,3.07,6.84,Burst,False
2139,5.34,5.61,Burst,False
2140,3.27,3.21,Down,True
2141,2.94,1.39,Down,False
2142,4.67,1.83,Silence,False
2143,3.77,8.25,Burst,False
2144,3.17,6.05,Silence,True
2145,5.76,1.29,Down,False
2146,1.15,7.28,Down,True
2147,5.59,2.17,Silence,True
2148,3.01,7.17,Silence,True
2149,5.93,8.28,Burst,True
2150,1.46,3.43,Normal,True
2151,0.72,3.31,Silence,False
2152,1.26,6.23,Normal,True
2153,4.52,4.52,Down,False
2154,1.43,9.68,Burst,False
2155,0.25,1.65,Down,True
2156,2.78,8.65,Normal,True
2157,1.67,1.88,Silence,True
2158,2.29,0.27,Burst,True
2159,3.83,3.64,Burst,True
2160,5.23,4.25,Normal,True
2161,5.5,9.21,Burst,True
2162,1.48,5.13,Down,True
2163,4.52,6.89,Down,True
2164,2.35,2.17,Burst,True
2165,2.74,8.66,Burst,False
2166,3.67,0.01,Burst,False
2167,0.28,4.43,Silence,False
2168,1.33,2.37,Silence,True
2169,1.23,2.89,Down,False
2170,1.62,7.59,Normal,False
2171,3.12,1.33,Burst,False
2172,1.54,2.02,Burst,False
2173,4.72,9.59,Down,True
2174,0.58,8.99,Down,False
2175,0.62,5.56,Silence,False
2176,5.3,4.88,Silence,True
2177,3.82,3.48,Burst,True
2178,4.42,5.33,Burst,True
2179,1.41,8.85,Down,True
2180,4.82,8.57,Silence,False
2181,0.08,7.84,Down,False
2182,1.78,7.57,Normal,True
2183,3.19,7.98,Normal,True
2184,3.03,5.69,Down,True
2185,1.19,9.49,Normal,False
2186,2.16,4.81,Silence,False
2187,0.38,8.66,Down,True
2188,4.4,1.71,Down,False
2189,4.21,2.08,Silence,True
2190,5.0,2.66,Silence,True
2191,3.65,4.1,Down,True
2192,5.55,1.52,Down,True
2193,1.7,6.64,Normal,True
2194,4.85,2.15,Down,True
2195,0.94,8.05,Burst,True
2196,3.85,3.22,Normal,True
2197,2.58,0.23,Normal,True
2198,1.01,4.4,Burst,False
2199,5.38,8.85,Down,True
2200,1.5,0.66,Burst,True
2201,2.72,2.96,Silence,False
2202,1.46,9.55,Silence,True
2203,5.74,8.05,Silence,False
2204,0.81,0.98,Normal,True
2205,1.25,1.79,Silence,True
2206,1.76,3.59,Normal,True
2207,1.21,9.49,Burst,False
2208,5.51,1.16,Down,False
2209,2.8,5.13,Burst,False
2210,0.8,7.67,Normal,False
2211,0.8,8.43,Burst,False
2212,4.78,3.11,Silence,False
2213,0.47,6.21,Normal,True
2214,5.03,6.24,Silence,False
2215,5.62,8.71,Burst,True
2216,1.34,4.5,Down,True
2217,1.6,6.7,Burst,False
2218,4.37,7.76,Burst,False
2219,1.0,3.68,Normal,True
2220,1.93,9.24,Silence,True
2221,1.45,6.64,Normal,True
2222,0.29,0.25,Down,True
2223,5.51,1.54,Down,True
2224,5.05,7.74,Burst,False
2225,0.08,7.65,Silence,False
2226,5.34,2.35,Burst,True
2227,2.93,2.06,Normal,True
2228,2.27,7.7,Burst,True
2229,2.69,5.5,Burst,True
2230,4.22,9.57,Silence,False
2231,0.04,9.45,Burst,True
2232,2.12,2.97,Silence,False
2233,5.94,5.83,Normal,False
2234,2.58,6.83,Silence,False
2235,2.67,1.47,Normal,False
2236,4.89,4.31,Normal,False
2237,0.49,7.63,Burst,True
2238,3.1,4.07,Down,True
2239,0.3,5.86,Burst,True
2240,3.97,6.49,Down,True
2241,5.74,6.06,Burst,True
2242,5.16,9.87,Down,True
2243,0.92,7.6,Burst,False
2244,1.03,5.59,Down,True
2245,5.61,8.77,Normal,True
2246,4.94,3.4,Burst,True
2247,5.36,8.59,Down,True
2248,1.18,7.89,Silence,True
2249,0.87,6.53,Down,False
2250,3.35,7.75,Normal,True
2251,2.55,2.8,Down,False
2252,0.31,1.55,Down,False
2253,0.69,8.5,Down,False
2254,3.26,7.5,Burst,True
2255,1.14,0.65,Down,True
2256,1.02,1.79,Normal,False
2257,3.21,6.47,Normal,True
2258,2.54,4.98,Normal,True
2259,4.0,3.05,Burst,True
2260,3.33,0.96,Burst,True
2261,3.14,9.3,Down,False
2262,4.52,0.9,Burst,False
2263,3.25,3.46,Normal,True
2264,0.53,4.52,Normal,True
2265,0.24,6.61,Normal,False
2266,2.54,7.21,Burst,True
2267,0.83,9.42,Silence,True
2268,5.79,5.11,Burst,False
2269,1.24,8.46,Burst,True
2270,4.55,1.54,Down,True
2271,0.44,6.0,Down,False
2272,2.46,8.09,Silence,False
2273,2.91,3.98,Normal,False
2274,5.24,7.5,Down,True
2275,1.5,7.05,Normal,True
2276,4.68,4.4,Silence,False
2277,4.36,5.35,Burst,False
2278,1.86,1.18,Normal,False
2279,1.12,6.89,Down,True
2280,4.11,5.84,Silence,True
2281,4.79,0.55,Normal,True
2282,3.26,1.68,Down,True
2283,2.05,7.81,Normal,False
2284,1.29,0.59,Silence,False
2285,0.23,0.06,Silence,True
2286,1.28,7.85,Down,True
2287,0.31,1.68,Down,True
2288,2.86,0.99,Down,False
2289,4.85,7.0,Normal,False
2290,4.79,3.34,Down,False
2291,5.5,8.44,Burst,False
2292,0.27,2.06,Normal,True
2293,5.89,6.26,Burst,False
2294,2.62,5.32,Down,True
2295,1.21,7.71,Down,True
2296,5.25,7.36,Down,False
2297,1.39,2.64,Burst,False
2298,2.7,6.11,Silence,True
2299,2.62,0.58,Normal,False
2300,1.65,1.03,Down,False
2301,3.47,2.25,Down,False
2302,0.98,8.61,Burst,True
2303,0.33,6.41,Down,False
2304,1.55,6.31,Down,False
2305,4.72,3.47,Burst,True
2306,0.04,2.75,Silence,False
2307,4.65,2.78,Down,True
2308,5.22,5.63,Down,False
2309,2.36,6.42,Normal,False
2310,2.66,9.56,Burst,False
2311,2.09,7.48,Down,True
2312,3.66,5.88,Silence,False
2313,2.04,5.38,Silence,True
2314,1.43,1.11,Normal,True
2315,5.76,1.83,Burst,False
2316,3.44,0.72,Normal,False
2317,3.46,4.26,Burst,False
2318,0.05,6.49,Down,True
2319,1.07,2.17,Normal,True
2320,1.1,8.21,Normal,True
2321,3.58,3.77,Normal,False
2322,5.26,9.42,Silence,True
2323,4.64,4.66,Down,False
2324,0.16,9.49,Silence,True
2325,1.0,8.27,Silence,False
2326,2.99,7.41,Normal,False
2327,0.81,7.34,Burst,False
2328,2.02,4.5,Burst,True
2329,1.56,7.02,Silence,False
2330,0.52,1.88,Silence,True
2331,4.94,8.7,Normal,True
2332,3.68,5.31,Normal,True
2333,4.96,6.01,Down,False
2334,3.49,4.47,Normal,False
2335,0.44,6.85,Down,True
2336,3.56,9.33,Down,False
2337,5.35,5.04,Down,True
2338,5.65,5.97,Down,True
2339,1.88,4.06,Normal,False
2340,4.25,0.47,Down,True
2341,5.41,1.56,Burst,True
2342,1.07,5.4,Down,True
2343,1.08,0.16,Down,True
2344,2.48,9.89,Normal,True
2345,3.32,9.32,Normal,True
2346,3.62,0.94,Down,True
2347,3.12,5.19,Normal,False
2348,5.96,2.63,Silence,False
2349,5.29,9.89,Normal,True
2350,1.71,4.89,Down,True
2351,3.47,3.2,Silence,False
2352,0.54,1.82,Silence,False
2353,2.6,0.09,Normal,True
2354,2.48,4.79,Down,True
2355,5.87,3.16,Burst,False
2356,4.65,6.95,Silence,True
2357,5.26,3.07,Silence,True
2358,0.89,2.43,Silence,True
2359,5.77,7.5,Down,True
2360,3.8,6.46,Burst,False
2361,0.09,5.34,Normal,True
2362,2.59,0.77,Silence,False
2363,1.82,1.48,Silence,False
2364,0.42,8.55,Normal,False
2365,4.7,8.54,Silence,False
2366,0.8,0.08,Burst,True
2367,5.12,5.18,Normal,True
2368,3.25,5.66,Normal,True
2369,0.05,0.8,Silence,False
2370,3.07,6.25,Normal,True
2371,4.81,3.21,Burst,False
2372,5.78,5.39,Silence,False
2373,4.06,6.62,Normal,True
2374,1.2,6.6,Burst,True
2375,4.99,4.5,Silence,True
2376,0.79,1.02,Burst,False
2377,3.55,3.21,Silence,True
2378,0.6,3.52,Burst,True
2379,1.87,6.18,Burst,False
2380,5.3,8.75,Silence,True
2381,3.13,3.37,Down,True
2382,4.86,4.01,Silence,False
2383,0.49,4.73,Down,False
2384,4.49,4.25,Normal,True
2385,5.44,9.18,Normal,False
2386,4.25,4.01,Silence,True
2387,0.66,4.75,Silence,False
2388,5.86,0.81,Down,True
2389,0.46,8.26,Burst,True
2390,0.13,4.79,Down,True
2391,1.83,0.18,Down,True
2392,2.45,7.08,Burst,True
2393,3.64,5.37,Silence,False
2394,1.41,2.99,Burst,True
2395,3.21,0.48,Normal,False
2396,1.84,3.88,Down,False
2397,0.9,8.74,Normal,False
2398,3.82,1.89,Down,False
2399,5.68,5.02,Burst,True
2400,2.36,4.82,Burst,True
2401,1.6,5.55,Burst,False
2402,0.59,8.95,Down,False
2403,4.24,1.58,Burst,False
2404,4.96,7.37,Down,True
2405,1.56,5.06,Burst,True
2406,1.41,6.02,Burst,True
2407,1.33,3.44,Silence,False
2408,5.7,0.77,Burst,True
2409,5.77,7.64,Down,True
2410,1.78,6.83,Burst,True
2411,1.48,0.54,Down,True
2412,5.36,8.62,Burst,False
2413,0.88,6.58,Burst,False
2414,2.36,2.17,Normal,False
2415,5.55,2.19,Down,False
2416,2.64,8.4,Silence,True
2417,1.88,6.81,Normal,True
2418,2.38,0.64,Burst,False
2419,4.99,1.17,Normal,False
2420,1.81,1.55,Silence,True
2421,2.5,8.8,Burst,False
2422,2.13,0.33,Down,True
2423,1.86,6.31,Silence,False
2424,2.01,2.62,Down,True
2425,4.56,9.0,Down,False
2426,3.67,3.54,Normal,True
2427,3.38,3.4,Burst,True
2428,3.22,8.39,Normal,True
2429,2.09,0.75,Silence,False
2430,0.27,4.4,Burst,True
2431,1.42,9.57,Down,False
2432,0.67,0.09,Normal,True
2433,4.42,0.34,Normal,False
2434,1.71,7.75,Down,True
2435,2.85,5.03,Down,False
2436,1.9,9.35,Normal,True
2437,2.8,4.65,Silence,True
2438,5.11,5.63,Silence,False
2439,4.16,2.87,Normal,True
2440,3.93,9.06,Down,False
2441,3.83,3.77,Silence,False
2442,2.29,8.19,Normal,True
2443,0.93,9.61,Down,True
2444,4.05,8.75,Normal,True
2445,2.09,2.91,Silence,True
2446,3.9,4.98,Normal,True
2447,4.32,9.38,Down,False
2448,5.28,3.27,Down,True
2449,4.58,1.69,Down,True
2450,4.37,1.95,Normal,False
2451,0.14,8.0,Silence,True
2452,0.51,6.91,Normal,True
2453,2.27,9.9,Burst,True
2454,0.87,1.65,Normal,True
2455,4.41,8.68,Normal,True
2456,3.77,9.29,Normal,True
2457,2.16,2.73,Down,True
2458,1.58,4.38,Burst,True
2459,2.05,8.46,Burst,True
2460,1.44,4.19,Normal,True
2461,1.22,0.03,Silence,False
2462,5.46,6.81,Normal,True
2463,0.6,0.76,Burst,True
2464,5.2,6.59,Normal,False
2465,4.86,8.37,Silence,True
2466,1.18,0.91,Burst,True
2467,4.09,8.65,Burst,False
2468,1.21,5.36,Normal,False
2469,0.14,3.29,Normal,False
2470,2.51,5.36,Normal,False
2471,2.89,9.8,Burst,False
2472,5.62,1.8,Burst,False
2473,2.9,8.51,Normal,False
2474,2.44,4.51,Down,True
2475,2.02,8.01,Silence,False
2476,5.18,8.09,Normal,True
2477,1.53,8.63,Silence,True
2478,0.58,3.75,Silence,True
2479,2.23,6.65,Silence,False
2480,4.44,8.48,Burst,True
2481,2.47,9.91,Burst,False
2482,2.56,2.76,Down,False
2483,3.97,6.61,Burst,False
2484,1.43,8.97,Silence,False
2485,1.2,6.72,Burst,True
2486,4.11,6.77,Burst,False
2487,4.06,1.71,Burst,False
2488,4.13,0.94,Silence,False
2489,2.68,2.09,Burst,True
2490,0.29,0.47,Silence,True
2491,2.48,5.18,Burst,False
2492,1.72,1.3,Burst,False
2493,4.37,1.96,Down,False
2494,2.91,1.54,Silence,True
2495,0.99,9.15,Normal,True
2496,3.25,1.15,Down,True
2497,2.14,7.85,Burst,False
2498,3.49,4.34,Normal,True
2499,2.41,0.58,Burst,True
2500,4.07,5.31,Down,False
2501,2.31,6.54,Down,False
2502,4.02,9.08,Burst,True
2503,0.01,1.43,Burst,True
2504,3.79,9.26,Burst,False
2505,4.85,4.89,Down,False
2506,4.5,0.98,Silence,True
2507,5.78,0.61,Burst,False
2508,4.46,8.35,Down,False
2509,2.97,5.07,Down,True
2510,1.44,8.9,Normal,True
2511,3.81,6.51,Silence,True
2512,0.54,3.14,Silence,False
2513,5.79,5.3,Silence,False
2514,3.83,8.99,Burst,False
2515,3.33,5.09,Silence,True
2516,1.54,8.1,Burst,True
2517,1.62,5.9,Normal,True
2518,5.11,4.0,Burst,True
2519,3.16,4.95,Silence,True
2520,0.04,5.96,Normal,False
2521,5.07,9.06,Burst,False
2522,2.02,1.28,Burst,True
2523,0.57,5.42,Silence,True
2524,3.72,0.6,Silence,True
2525,3.76,9.72,Down,False
2526,0.74,4.63,Normal,True
2527,0.08,5.84,Normal,False
2528,0.63,0.58,Normal,True
2529,5.24,5.15,Normal,True
2530,2.51,4.72,Silence,False
2531,4.2,6.89,Silence,False
2532,1.83,8.45,Normal,False
2533,2.33,3.61,Burst,False
2534,1.63,5.86,Down,True
2535,2.12,4.21,Silence,True
2536,2.27,2.87,Silence,True
2537,0.65,6.09,Normal,False
2538,2.97,2.68,Down,True
2539,0.07,8.75,Normal,False
2540,3.52,3.57,Silence,False
2541,0.91,4.87,Burst,False
2542,3.82,7.5,Burst,True
2543,5.8,3.66,Down,True
2544,1.36,9.34,Normal,False
2545,1.58,0.9,Burst,False
2546,5.07,5.95,Burst,True
2547,4.49,4.38,Silence,True
2548,1.81,0.44,Burst,False
2549,2.18,0.4,Normal,False
2550,4.57,4.92,Down,True
2551,1.68,7.46,Silence,True
2552,5.79,5.77,Silence,True
2553,5.9,4.1,Silence,False
2554,5.32,2.22,Burst,False
2555,3.21,4.64,Burst,True
2556,0.98,9.3,Silence,False
2557,5.4,5.41,Normal,True
2558,5.73,2.21,Silence,False
2559,3.68,6.9,Normal,True
2560,0.98,7.11,Silence,True
2561,1.56,3.19,Normal,True
2562,0.19,2.13,Normal,True
2563,1.51,0.42,Burst,True
2564,3.45,3.63,Down,False
2565,2.72,2.91,Silence,True
2566,1.57,6.26,Down,True
2567,4.26,2.61,Silence,True
2568,2.87,9.94,Burst,False
2569,3.29,4.01,Burst,True
2570,2.23,8.17,Down,True
2571,1.36,8.56,Normal,False
2572,3.51,2.16,Down,True
2573,1.37,5.58,Silence,True
2574,2.74,6.2,Silence,False
2575,5.99,6.63,Normal,True
2576,5.08,6.14,Burst,False
2577,5.51,5.76,Down,False
2578,1.74,9.2,Burst,True
2579,2.89,1.76,Burst,False
2580,3.97,7.1,Burst,True
2581,5.59,0.76,Silence,False
2582,2.3,6.46,Down,False
2583,5.86,4.51,Normal,True
2584,0.83,0.74,Normal,True
2585,1.48,3.22,Silence,False
2586,5.91,1.12,Silence,True
2587,4.88,7.4,Burst,True
2588,1.47,3.22,Burst,False
2589,5.17,1.99,Burst,False
2590,1.39,2.65,Normal,True
2591,0.0,0.95,Down,False
2592,2.58,2.1,Normal,False
2593,3.73,4.08,Silence,True
2594,2.41,2.88,Silence,True
2595,4.73,1.01,Burst,True
2596,4.75,6.19,Down,True
2597,3.96,1.82,Silence,False
2598,4.77,4.47,Silence,True
2599,0.05,4.22,Normal,True
2600,0.34,1.61,Burst,True
2601,1.58,7.67,Silence,False
2602,3.69,4.93,Silence,True
2603,2.86,4.41,Down,True
2604,5.33,6.73,Silence,True
2605,4.36,7.9,Silence,False
2606,3.3,6.81,Down,False
2607,4.87,4.68,Down,True
2608,2.13,4.27,Normal,True
2609,2.14,0.42,Burst,True
2610,5.27,3.06,Normal,False
2611,3.87,5.71,Silence,True
2612,0.45,0.74,Burst,True
2613,1.25,2.54,Down,False
2614,0.22,1.71,Normal,False
2615,0.13,3.88,Down,True
2616,5.55,4.7,Silence,True
2617,0.33,8.75,Down,True
2618,2.85,3.17,Normal,True
2619,1.99,3.27,Down,False
2620,4.14,3.52,Normal,True
2621,2.08,9.77,Silence,True
2622,4.03,8.26,Burst,True
2623,3.62,6.62,Down,False
2624,0.9,3.04,Down,False
2625,0.97,6.15,Down,False
2626,5.04,9.82,Down,False
2627,0.14,2.03,Burst,True
2628,5.96,2.8,Normal,True
2629,2.11,4.95,Silence,True
2630,1.82,5.57,Silence,False
2631,4.27,1.97,Down,False
2632,3.37,1.7,Burst,True
2633,1.53,2.71,Silence,True
2634,3.94,6.84,Normal,False
2635,1.89,3.62,Burst,False
2636,4.62,2.48,Burst,True
2637,4.23,9.39,Normal,True
2638,0.08,2.38,Silence,False
2639,2.49,1.8,Silence,True
2640,2.96,7.17,Down,False
2641,2.06,5.69,Normal,True
2642,1.53,5.13,Down,True
2643,0.87,7.13,Down,True
2644,0.2,6.12,Down,True
2645,0.81,7.71,Down,True
2646,2.16,2.11,Burst,False
2647,2.03,8.26,Burst,True
2648,2.5,5.83,Normal,True
2649,0.8,9.86,Down,True
2650,3.16,1.58,Burst,True
2651,2.41,3.26,Silence,True
2652,1.62,7.91,Normal,True
2653,0.76,4.11,Down,False
2654,2.99,9.89,Down,False
2655,4.35,4.47,Burst,True
2656,5.86,3.22,Down,False
2657,4.61,8.37,Down,True
2658,0.55,1.1,Silence,False
2659,4.33,6.72,Burst,True
2660,2.45,2.03,Normal,False
2661,4.59,8.94,Burst,True
2662,4.23,0.03,Silence,False
2663,2.59,2.0,Down,False
2664,4.83,9.73,Burst,True
2665,0.28,8.42,Normal,True
2666,3.64,2.0,Silence,False
2667,5.92,0.84,Normal,True
2668,4.47,4.21,Normal,False
2669,5.04,7.84,Silence,True
2670,0.34,6.26,Down,True
2671,0.08,9.83,Down,False
2672,3.07,9.23,Normal,False
2673,5.72,0.15,Down,True
2674,4.35,3.33,Silence,True
2675,4.63,4.0,Down,True
2676,0.62,2.9,Burst,True
2677,3.68,1.95,Silence,False
2678,3.25,3.16,Burst,True
2679,3.44,2.75,Silence,True
2680,3.65,1.65,Normal,True
2681,1.8,3.99,Burst,True
2682,2.53,6.04,Silence,True
2683,2.02,9.9,Burst,True
2684,0.47,2.71,Silence,True
2685,3.59,3.04,Burst,False
2686,0.54,4.07,Silence,True
2687,5.42,1.9,Normal,False
2688,2.61,3.81,Silence,False
2689,4.07,9.03,Down,False
2690,1.23,2.28,Normal,False
2691,3.07,3.75,Burst,True
2692,1.09,6.66,Silence,True
2693,0.12,5.63,Burst,False
2694,5.87,4.07,Down,False
2695,3.0,3.29,Silence,False
2696,1.64,0.62,Normal,True
2697,4.98,1.63,Normal,True
2698,2.71,0.76,Down,False
2699,0.45,6.16,Down,True
2700,0.49,7.11,Burst,True
2701,1.73,8.37,Down,False
2702,0.62,2.65,Down,False
2703,3.24,4.99,Silence,False
2704,1.34,2.87,Down,False
2705,3.36,1.36,Silence,True
2706,5.99,1.69,Normal,True
2707,3.03,8.66,Down,True
2708,5.66,8.38,Normal,False
2709,3.95,6.24,Burst,False
2710,3.08,8.45,Silence,False
2711,2.55,4.12,Down,False
2712,3.39,2.54,Burst,False
2713,0.63,6.7,Normal,True
2714,3.12,3.85,Down,True
2715,0.88,8.6,Normal,False
2716,5.55,8.33,Burst,True
2717,5.07,6.54,Silence,False
2718,3.64,5.8,Silence,True
2719,1.27,9.19,Burst,True
2720,4.04,3.33,Silence,True
2721,2.9,6.1,Silence,True
2722,3.79,6.16,Silence,False
2723,0.39,6.36,Down,True
2724,4.87,3.66,Down,True
2725,3.38,3.04,Down,True
2726,0.16,2.98,Normal,True
2727,3.63,2.27,Normal,True
2728,5.79,0.77,Burst,False
2729,3.23,9.92,Normal,True
2730,0.96,0.51,Silence,False
2731,3.42,9.37,Silence,True
2732,2.99,7.1,Burst,False
2733,4.56,2.98,Normal,False
2734,3.29,6.97,Silence,True
2735,5.74,2.32,Burst,True
2736,4.16,1.57,Down,True
2737,5.86,4.16,Normal,True
2738,5.37,2.55,Normal,False
2739,4.44,4.62,Normal,True
2740,2.34,3.66,Normal,True
2741,0.49,0.88,Normal,False
2742,4.88,2.2,Down,True
2743,4.78,6.7,Silence,False
2744,1.56,6.93,Down,False
2745,1.76,5.89,Down,False
2746,5.19,0.38,Down,True
2747,0.86,3.27,Down,False
2748,1.01,3.42,Silence,True
2749,0.36,7.25,Normal,False
2750,1.32,0.59,Silence,False
2751,1.53,8.97,Silence,False
2752,4.44,2.77,Burst,False
2753,1.33,7.75,Silence,False
2754,5.73,1.53,Normal,False
2755,2.72,4.2,Normal,True
2756,2.04,0.69,Burst,False
2757,4.27,9.16,Burst,False
2758,1.98,7.9,Silence,False
2759,4.29,5.09,Silence,True
2760,4.86,9.33,Silence,False
2761,4.87,5.42,Silence,False
2762,3.38,7.58,Down,False
2763,0.63,7.13,Burst,True
2764,2.02,2.04,Burst,True
2765,4.81,6.42,Burst,False
2766,4.15,8.84,Down,True
2767,5.28,5.47,Burst,True
2768,5.47,6.97,Normal,True
2769,4.09,2.48,Burst,True
2770,5.91,5.3,Normal,True
2771,5.1,9.47,Down,False
2772,4.04,1.26,Normal,False
2773,5.12,1.86,Silence,False
2774,4.84,4.68,Down,False
2775,4.83,0.2,Silence,False
2776,1.79,0.76,Burst,True
2777,3.19,0.97,Down,False
2778,2.23,6.02,Burst,True
2779,5.06,0.46,Normal,True
2780,2.74,8.56,Down,False
2781,5.18,4.94,Normal,True
2782,5.97,2.82,Burst,True
2783,3.7,7.35,Normal,True
2784,4.66,4.73,Down,False
2785,2.42,8.06,Silence,False
2786,3.92,2.89,Burst,True
2787,0.16,6.88,Silence,False
2788,2.9,6.81,Down,True
2789,2.39,7.73,Silence,False
2790,4.63,4.36,Silence,False
2791,2.01,2.4,Silence,False
2792,1.29,1.92,Silence,True
2793,5.42,3.07,Silence,True
2794,1.13,4.67,Silence,True
2795,1.69,3.93,Down,True
2796,3.09,3.47,Burst,False
2797,1.28,2.15,Burst,False
2798,2.95,2.35,Normal,False
2799,4.39,4.29,Burst,True
2800,2.1,6.69,Silence,False
2801,5.53,5.61,Burst,False
2802,5.08,9.97,Burst,False
2803,0.63,8.66,Burst,True
2804,0.48,9.94,Normal,False
2805,4.09,6.34,Down,True
2806,1.82,6.53,Down,True
2807,0.26,8.82,Normal,True
2808,0.07,1.28,Normal,True
2809,3.88,8.12,Silence,True
2810,1.87,1.34,Down,False
2811,5.12,8.5,Silence,True
2812,4.89,0.32,Silence,True
2813,2.54,7.86,Silence,False
2814,2.44,1.17,Burst,True
2815,5.09,7.45,Silence,False
2816,0.63,5.69,Silence,True
2817,1.43,4.6,Normal,True
2818,4.03,9.84,Burst,False
2819,3.59,9.32,Burst,True
2820,1.65,1.84,Silence,False
2821,2.7,1.77,Normal,True
2822,4.32,7.96,Down,False
2823,1.16,0.49,Burst,False
2824,3.26,7.11,Down,False
2825,3.36,9.21,Normal,True
2826,4.45,2.08,Silence,True
2827,4.95,6.36,Normal,True
2828,0.69,3.67,Silence,False
2829,5.41,6.11,Burst,True
2830,4.37,2.71,Burst,True
2831,0.78,2.8,Down,True
2832,5.09,3.75,Silence,True
2833,2.56,3.41,Silence,True
2834,3.19,7.25,Normal,True
2835,3.41,8.61,Silence,True
2836,0.61,7.1,Normal,False
2837,1.72,8.55,Burst,True
2838,4.01,3.82,Down,False
2839,4.6,2.52,Normal,True
2840,1.9,3.8,Normal,False
2841,2.1,1.74,Burst,True
2842,1.7,0.96,Burst,True
2843,4.36,4.7,Burst,False
2844,0.77,2.93,Burst,False
2845,0.25,1.95,Down,True
2846,0.18,8.8,Burst,False
2847,1.06,8.02,Burst,True
2848,0.58,2.46,Normal,False
2849,0.59,1.65,Normal,False
2850,0.54,2.51,Down,True
2851,0.13,1.99,Silence,True
2852,3.24,8.0,Normal,False
2853,4.49,6.04,Silence,True
2854,3.51,7.28,Down,False
2855,0.34,6.93,Silence,False
2856,3.69,8.86,Down,False
2857,5.45,5.29,Down,True
2858,0.27,0.83,Burst,False
2859,4.02,4.49,Normal,True
2860,0.11,1.28,Down,False
2861,5.95,4.94,Burst,True
2862,4.49,7.9,Burst,True
2863,2.23,8.92,Burst,True
2864,2.68,2.0,Silence,True
2865,1.06,2.85,Down,True
2866,0.56,7.71,Silence,False
2867,5.69,8.81,Silence,False
2868,5.0,3.72,Normal,True
2869,5.79,2.79,Normal,False
2870,1.4,1.94,Burst,True
2871,2.39,0.38,Silence,True
2872,2.88,9.36,Burst,True
2873,2.09,4.89,Down,True
2874,0.39,0.34,Down,False
2875,4.56,5.79,Down,True
2876,4.08,7.2,Down,True
2877,5.14,5.9,Burst,True
2878,0.78,3.41,Normal,False
2879,3.04,4.68,Normal,False
2880,4.63,0.86,Down,False
2881,2.38,3.56,Down,False
2882,2.13,8.32,Normal,True
2883,0.35,8.51,Down,True
2884,0.51,4.71,Burst,False
2885,3.03,7.05,Down,False
2886,3.45,6.81,Normal,False
2887,5.77,0.79,Silence,True
2888,2.21,9.09,Silence,True
2889,4.08,2.71,Down,True
2890,1.13,3.84,Silence,True
2891,1.24,1.62,Normal,True
2892,0.92,4.91,Down,True
2893,0.29,1.46,Silence,True
2894,4.43,8.71,Silence,False
2895,4.83,7.45,Down,False
2896,4.47,7.58,Silence,True
2897,1.66,7.3,Burst,True
2898,1.9,0.37,Burst,False
2899,0.36,4.38,Silence,False
2900,0.14,4.32,Burst,False
2901,1.81,0.37,Down,False
2902,1.22,4.75,Burst,False
2903,3.59,4.73,Normal,True
2904,0.43,1.8,Normal,False
2905,4.33,9.45,Burst,True
2906,2.51,8.79,Down,False
2907,1.37,3.46,Normal,False
2908,2.57,3.27,Burst,False
2909,2.89,9.21,Burst,False
2910,5.77,6.83,Silence,True
2911,3.4,6.5,Normal,True
2912,3.95,3.7,Silence,True
2913,4.24,3.97,Normal,False
2914,5.87,2.83,Normal,False
2915,3.67,9.49,Silence,True
2916,4.21,6.91,Silence,True
2917,0.55,7.22,Silence,True
2918,3.41,4.77,Down,False
2919,1.29,8.32,Silence,True
2920,2.03,6.79,Silence,True
2921,2.52,9.57,Silence,True
2922,1.55,6.3,Burst,True
2923,1.83,3.97,Silence,False
2924,4.91,0.07,Normal,True
2925,0.7,6.05,Down,False
2926,5.45,0.87,Silence,True
2927,1.59,9.13,Down,False
2928,4.64,2.63,Down,False
2929,2.3,9.59,Normal,True
2930,5.83,0.27,Down,False
2931,5.86,5.04,Burst,False
2932,5.3,8.11,Down,True
2933,2.95,0.73,Burst,True
2934,1.43,0.39,Silence,False
2935,0.2,6.58,Down,True
2936,2.62,6.14,Silence,False
2937,4.5,7.8,Down,True
2938,4.83,2.02,Down,False
2939,3.92,5.0,Silence,False
2940,5.29,7.34,Down,True
2941,5.79,5.92,Burst,True
2942,4.48,4.97,Silence,True
2943,0.12,5.14,Normal,True
2944,1.85,2.81,Silence,True
2945,0.42,9.99,Silence,True
2946,5.06,8.85,Down,False
2947,4.93,5.88,Down,True
2948,5.2,3.77,Down,True
2949,2.37,1.86,Down,False
2950,1.28,1.45,Burst,True
2951,4.66,5.55,Down,True
2952,4.29,9.03,Burst,True
2953,0.41,3.01,Down,False
2954,5.5,2.71,Down,False
2955,2.38,9.6,Normal,True
2956,4.37,8.41,Burst,True
2957,0.97,3.01,Burst,False
2958,4.69,5.62,Burst,True
2959,2.84,0.94,Down,False
2960,5.98,7.09,Normal,True
2961,5.23,5.72,Burst,True
2962,3.76,2.75,Burst,False
2963,3.42,5.79,Normal,False
2964,4.37,0.32,Silence,False
2965,4.23,8.78,Down,False
2966,3.18,5.8,Down,False
2967,4.52,7.51,Normal,True
2968,4.82,7.82,Silence,True
2969,2.14,7.78,Burst,False
2970,0.36,7.19,Normal,True
2971,3.97,8.77,Burst,False
2972,2.91,1.59,Silence,False
2973,0.15,7.55,Burst,True
2974,4.73,7.84,Silence,True
2975,5.39,7.67,Normal,False
2976,4.9,7.8,Down,True
2977,0.79,1.86,Down,True
2978,0.25,4.33,Normal,True
2979,2.11,0.04,Burst,True
2980,1.65,5.34,Silence,True
2981,5.72,4.57,Burst,False
2982,3.88,0.26,Burst,False
2983,1.84,4.81,Silence,True
2984,2.0,7.85,Burst,True
2985,2.88,0.87,Normal,True
2986,5.19,3.85,Down,True
2987,4.64,4.38,Down,True
2988,3.2,0.08,Burst,True
2989,1.48,0.85,Normal,False
2990,3.66,9.46,Down,True
2991,1.11,2.52,Silence,False
2992,0.46,3.45,Down,True
2993,3.36,2.15,Normal,False
2994,2.29,3.68,Burst,False
2995,0.07,3.09,Burst,False
2996,5.94,7.33,Normal,False
2997,5.78,0.51,Down,False
2998,5.97,3.76,Normal,False
2999,2.78,1.05,Normal,False
3000,4.41,2.9,Normal,False
3001,1.74,7.21,Burst,False
3002,4.65,0.37,Down,False
3003,4.64,8.79,Silence,False
3004,4.14,0.11,Normal,True
3005,5.17,6.75,Normal,True
3006,4.72,7.99,Down,True
3007,5.93,9.58,Silence,True
3008,1.27,2.74,Burst,False
3009,0.34,0.95,Silence,True
3010,2.91,3.72,Normal,False
3011,5.82,3.7,Silence,True
3012,2.26,9.33,Silence,True
3013,1.13,4.3,Normal,False
3014,2.07,8.54,Normal,True
3015,2.13,2.87,Burst,True
3016,2.69,4.21,Down,True
3017,0.67,4.37,Normal,True
3018,5.19,4.91,Down,False
3019,3.43,7.71,Normal,True
3020,3.47,1.13,Silence,False
3021,3.7,1.82,Normal,False
3022,2.96,2.75,Normal,True
3023,0.97,3.07,Silence,False
3024,5.77,6.18,Normal,False
3025,0.56,5.41,Burst,False
3026,2.78,0.56,Burst,True
3027,0.18,0.16,Burst,False
3028,3.66,9.41,Normal,False
3029,4.03,1.85,Silence,False
3030,0.85,0.96,Down,True
3031,3.58,7.86,Down,False
3032,0.44,1.94,Down,True
3033,5.92,2.56,Down,False
3034,3.54,4.8,Silence,False
3035,5.59,1.46,Silence,True
3036,0.24,8.79,Silence,True
3037,2.9,3.03,Burst,True
3038,0.75,5.12,Silence,True
3039,1.22,4.61,Down,True
3040,5.07,2.31,Normal,True
3041,2.45,2.35,Silence,True
3042,2.16,9.32,Down,False
3043,3.73,9.59,Down,True
3044,4.1,5.13,Normal,True
3045,0.85,9.12,Silence,False
3046,4.6,5.21,Normal,False
3047,1.81,9.51,Silence,False
3048,1.57,9.37,Silence,False
3049,3.76,4.81,Silence,False
3050,0.97,6.35,Silence,False
3051,0.97,8.32,Down,True
3052,4.7,5.97,Normal,False
3053,3.36,6.18,Normal,True
3054,5.21,2.33,Down,True
3055,2.07,6.17,Down,True
3056,5.38,7.03,Burst,True
3057,3.77,6.89,Silence,False
3058,2.15,3.75,Down,True
3059,2.42,9.88,Silence,False
3060,3.23,7.9,Normal,True
3061,3.71,4.58,Burst,False
3062,4.03,4.82,Down,True
3063,0.03,8.74,Silence,False
3064,5.27,8.4,Down,False
3065,1.48,7.81,Down,False
3066,5.41,9.88,Silence,True
3067,2.83,5.88,Burst,False
3068,1.8,5.62,Burst,False
3069,4.4,8.52,Silence,False
3070,2.76,1.84,Silence,True
3071,4.91,1.34,Silence,False
3072,1.17,5.27,Burst,False
3073,5.68,8.13,Silence,False
3074,0.03,9.05,Down,False
3075,5.55,6.04,Burst,True
3076,5.68,4.62,Silence,True
3077,1.28,6.88,Burst,False
3078,4.25,5.01,Burst,False
3079,3.23,6.48,Down,True
3080,4.72,7.94,Silence,False
3081,3.02,6.29,Burst,True
3082,3.22,4.14,Burst,False
3083,0.92,1.15,Normal,True
3084,1.19,7.77,Silence,False
3085,0.94,9.65,Burst,True
3086,1.24,7.4,Burst,False
3087,4.56,9.31,Normal,True
3088,3.25,3.66,Silence,False
3089,0.94,5.23,Burst,False
3090,2.47,3.96,Burst,False
3091,4.14,5.44,Normal,False
3092,3.99,3.56,Down,True
3093,4.86,4.24,Down,True
3094,2.45,1.18,Burst,True
3095,1.52,0.77,Silence,False
3096,5.99,1.01,Down,True
3097,2.33,7.31,Burst,False
3098,2.39,6.75,Normal,True
3099,0.83,2.16,Burst,False
3100,2.1,2.8,Burst,False
3101,1.51,0.38,Normal,True
3102,5.74,7.82,Down,True
3103,3.31,5.15,Normal,True
3104,3.11,3.08,Down,True
3105,4.42,1.01,Down,True
3106,3.64,1.0,Silence,False
3107,3.22,9.71,Down,False
3108,4.56,6.08,Down,True
3109,1.49,0.47,Burst,True
3110,3.22,6.34,Silence,True
3111,5.35,7.43,Down,True
3112,3.83,5.16,Down,False
3113,4.88,1.39,Silence,False
3114,5.91,4.74,Silence,True
3115,2.38,5.09,Normal,False
3116,1.39,2.66,Silence,True
3117,5.55,4.6,Down,True
3118,0.85,7.58,Silence,True
3119,0.63,8.77,Silence,True
3120,1.57,2.94,Down,True
3121,5.4,8.51,Silence,False
3122,0.14,9.18,Down,True
3123,4.58,1.83,Silence,True
3124,4.84,6.86,Silence,False
3125,2.81,5.54,Silence,True
3126,0.11,3.18,Normal,False
3127,4.17,3.81,Down,True
3128,1.52,0.7,Silence,False
3129,5.79,6.44,Burst,True
3130,5.76,8.77,Normal,False
3131,4.89,7.68,Normal,True
3132,0.88,0.03,Silence,False
3133,2.56,3.95,Down,False
3134,2.67,9.03,Normal,False
3135,4.58,9.79,Silence,True
3136,1.98,8.73,Down,False
3137,1.16,5.66,Burst,True
3138,2.61,4.15,Down,True
3139,3.06,0.88,Normal,True
3140,4.14,1.16,Silence,False
3141,1.72,7.93,Silence,True
3142,3.42,3.64,Normal,True
3143,3.92,5.89,Silence,True
3144,4.49,8.98,Down,False
3145,3.88,3.47,Burst,False
3146,4.39,9.96,Burst,True
3147,3.79,8.18,Normal,False
3148,1.44,2.13,Burst,False
3149,2.86,0.2,Burst,False
3150,2.81,9.9,Normal,True
3151,2.45,0.61,Burst,True
3152,0.53,0.45,Down,False
3153,3.69,5.69,Silence,True
3154,4.27,5.25,Silence,True
3155,5.9,9.73,Down,False
3156,0.48,5.34,Down,True
3157,2.33,5.1,Burst,False
3158,4.85,5.68,Down,False
3159,5.84,6.19,Normal,True
3160,4.89,4.26,Silence,True
3161,1.73,9.93,Burst,True
3162,1.38,5.51,Down,False
3163,5.29,1.37,Burst,True
3164,3.69,3.25,Normal,True
3165,0.52,0.67,Normal,False
3166,3.49,3.13,Burst,True
3167,5.11,4.6,Down,True
3168,5.44,4.9,Silence,False
3169,0.68,5.17,Normal,False
3170,4.86,6.24,Silence,True
3171,3.08,3.89,Burst,False
3172,3.07,8.11,Silence,False
3173,4.93,6.96,Burst,False
3174,1.1,3.32,Normal,False
3175,2.01,5.6,Burst,False
3176,2.17,3.6,Down,True
3177,4.78,1.29,Burst,True
3178,2.31,7.71,Normal,True
3179,5.77,9.18,Silence,True
3180,1.03,2.17,Down,False
3181,0.26,8.66,Silence,True
3182,2.84,0.15,Down,False
3183,3.99,8.22,Silence,True
3184,3.17,2.76,Down,False
3185,0.34,5.05,Burst,False
3186,2.06,2.86,Burst,False
3187,5.39,9.37,Burst,True
3188,4.02,9.33,Down,True
3189,0.22,1.72,Down,True
3190,3.32,5.35,Burst,True
3191,1.47,0.29,Down,True
3192,3.66,1.22,Silence,True
3193,3.41,3.66,Silence,True
3194,3.93,1.11,Burst,False
3195,4.73,2.69,Burst,False
3196,2.7,4.14,Down,False
3197,4.57,1.88,Burst,True
3198,5.26,6.06,Burst,False
3199,0.43,2.1,Burst,False
3200,1.57,7.24,Burst,False
3201,1.48,8.91,Down,False
3202,2.93,6.42,Normal,False
3203,0.77,7.21,Normal,True
3204,2.23,4.03,Normal,False
3205,1.0,0.73,Silence,False
3206,2.81,2.45,Burst,False
3207,2.6,7.07,Normal,False
3208,3.45,3.75,Burst,False
3209,5.68,2.9,Down,False
3210,5.15,5.93,Normal,False
3211,3.34,4.15,Burst,True
3212,0.22,8.16,Silence,True
3213,5.69,4.28,Normal,True
3214,1.09,0.14,Down,False
3215,4.44,1.1,Normal,False
3216,3.11,5.11,Silence,True
3217,0.4,2.26,Down,False
3218,4.55,6.02,Burst,True
3219,5.93,2.04,Burst,True
3220,1.72,5.54,Burst,True
3221,1.98,2.09,Burst,True
3222,2.04,7.4,Down,False
3223,0.17,3.48,Silence,True
3224,0.02,7.11,Silence,False
3225,0.82,4.75,Burst,True
3226,4.94,9.18,Silence,False
3227,0.43,9.79,Burst,False
3228,2.37,0.38,Down,False
3229,1.99,7.57,Burst,True
3230,3.39,2.51,Normal,False
3231,5.04,2.13,Silence,True
3232,5.84,0.29,Burst,True
3233,5.35,4.56,Down,False
3234,5.44,3.29,Normal,False
3235,3.99,9.44,Normal,False
3236,2.43,3.66,Silence,False
3237,2.05,2.19,Silence,True
3238,2.7,8.28,Silence,True
3239,5.49,0.73,Down,True
3240,2.51,3.43,Down,True
3241,2.22,0.47,Down,False
3242,5.87,5.82,Silence,False
3243,3.39,4.01,Normal,False
3244,5.34,5.53,Down,False
3245,0.28,2.05,Burst,False
3246,3.62,0.04,Down,False
3247,1.03,6.83,Silence,True
3248,3.18,0.98,Silence,True
3249,2.8,2.36,Silence,False
3250,4.82,1.58,Down,True
3251,0.86,0.19,Normal,False
3252,2.85,6.41,Burst,True
3253,0.39,2.66,Normal,True
3254,2.98,6.15,Silence,True
3255,5.74,9.6,Down,True
3256,1.16,7.92,Down,False
3257,5.68,6.26,Normal,True
3258,3.51,1.23,Burst,True
3259,3.23,2.13,Burst,True
3260,3.67,8.04,Burst,True
3261,0.93,6.63,Down,False
3262,2.97,6.45,Burst,False
3263,4.07,2.07,Burst,True
3264,1.42,6.31,Down,True
3265,4.12,2.47,Silence,False
3266,5.63,8.93,Burst,True
3267,5.89,6.08,Normal,False
3268,1.04,7.37,Silence,False
3269,5.31,1.06,Burst,True
3270,1.81,1.33,Normal,True
3271,5.51,2.41,Normal,True
3272,0.29,2.85,Silence,False
3273,1.06,8.67,Silence,False
3274,3.99,6.74,Burst,False
3275,4.61,9.77,Burst,True
3276,3.46,9.28,Burst,True
3277,4.57,2.53,Burst,True
3278,3.95,3.68,Silence,True
3279,5.4,5.25,Silence,True
3280,2.15,1.81,Normal,True
3281,0.29,0.99,Down,True
3282,3.04,4.09,Down,False
3283,3.22,2.09,Silence,False
3284,3.6,3.93,Down,True
3285,1.21,1.13,Silence,False
3286,2.49,9.38,Silence,True
3287,2.97,2.77,Burst,True
3288,5.8,6.05,Silence,True
3289,5.5,0.69,Normal,True
3290,5.22,2.82,Silence,False
3291,3.79,0.53,Normal,True
3292,0.57,1.46,Down,False
3293,4.91,5.44,Burst,True
3294,0.79,1.63,Normal,False
3295,2.64,1.35,Normal,True
3296,5.29,1.14,Silence,True
3297,4.42,5.67,Burst,False
3298,1.66,4.21,Down,True
3299,5.75,8.42,Burst,False
3300,0.91,8.42,Burst,True
3301,5.7,9.67,Down,True
3302,1.94,5.49,Down,True
3303,3.65,7.42,Normal,False
3304,3.45,2.47,Silence,False
3305,2.26,3.0,Burst,False
3306,2.09,4.79,Burst,True
3307,5.43,4.21,Down,True
3308,5.39,7.29,Down,True
3309,3.34,6.96,Burst,True
3310,5.22,8.79,Silence,False
3311,5.27,0.1,Burst,False
3312,3.78,7.82,Silence,False
3313,2.2,6.59,Silence,False
3314,2.76,3.65,Silence,False
3315,2.5,7.0,Down,True
3316,4.44,4.19,Normal,False
3317,0.84,1.09,Normal,False
3318,4.97,2.98,Down,False
3319,0.21,8.82,Normal,False
3320,2.37,6.34,Silence,True
3321,3.16,7.13,Burst,True
3322,1.01,9.81,Silence,True
3323,4.42,3.55,Normal,False
3324,4.22,7.1,Burst,False
3325,3.45,9.0,Silence,False
3326,2.45,5.84,Down,False
3327,5.53,5.38,Burst,False
3328,3.69,4.0,Down,False
3329,5.13,5.5,Down,True
3330,1.84,7.63,Normal,False
3331,3.06,4.7,Burst,True
3332,5.56,8.23,Down,True
3333,1.78,4.21,Down,False
3334,5.63,5.04,Normal,True
3335,1.88,8.14,Normal,True
3336,0.9,8.3,Burst,True
3337,3.78,6.74,Normal,True
3338,1.65,8.01,Burst,False
3339,5.33,4.63,Down,False
3340,3.36,7.92,Silence,True
3341,1.51,9.72,Burst,True
3342,1.89,7.32,Burst,True
3343,1.73,7.18,Down,False
3344,5.82,7.05,Burst,True
3345,5.38,2.45,Normal,False
3346,5.8,6.84,Burst,False
3347,3.1,9.54,Silence,False
3348,0.19,6.17,Burst,True
3349,0.62,3.89,Burst,False
3350,1.6,5.08,Down,True
3351,3.82,5.86,Burst,False
3352,0.6,2.83,Burst,False
3353,3.85,8.78,Burst,True
3354,2.55,3.7,Burst,True
3355,3.97,9.67,Silence,False
3356,1.62,8.43,Burst,True
3357,3.92,4.5,Normal,False
3358,5.86,7.1,Down,True
3359,2.21,1.04,Down,True
3360,3.55,9.28,Burst,False
3361,1.33,3.0,Down,True
3362,3.22,1.05,Normal,True
3363,1.42,8.8,Silence,True
3364,0.73,9.8,Silence,False
3365,1.14,1.67,Down,True
3366,3.41,1.56,Normal,False
3367,3.5,6.05,Normal,False
3368,0.75,3.33,Down,True
3369,0.91,0.64,Burst,False
3370,3.23,7.48,Burst,False
3371,4.2,7.31,Burst,False
3372,3.91,9.25,Normal,True
3373,3.85,8.66,Silence,True
3374,4.38,9.55,Down,True
3375,5.03,6.12,Down,False
3376,0.84,1.53,Burst,False
3377,3.0,2.16,Normal,False
3378,3.76,7.8,Silence,True
3379,4.96,6.52,Silence,True
3380,0.76,4.14,Normal,False
3381,1.26,9.35,Burst,True
3382,1.71,1.85,Down,True
3383,4.97,5.94,Burst,False
3384,3.81,6.12,Silence,False
3385,1.22,2.36,Down,False
3386,2.3,4.27,Normal,True
3387,2.09,7.07,Silence,True
3388,0.54,7.03,Burst,False
3389,1.79,1.81,Silence,True
3390,5.57,0.86,Silence,True
3391,4.48,4.82,Burst,True
3392,0.92,4.56,Burst,True
3393,4.9,6.2,Silence,True
3394,1.13,8.29,Silence,False
3395,5.03,2.12,Normal,False
3396,4.7,2.34,Burst,False
3397,3.55,0.65,Silence,False
3398,4.49,8.2,Silence,False
3399,1.46,7.34,Burst,True
3400,5.01,2.11,Down,True
3401,2.85,7.88,Silence,True
3402,0.42,7.43,Normal,False
3403,3.65,2.65,Down,False
3404,4.38,6.56,Normal,True
3405,2.55,6.13,Down,True
3406,3.66,8.92,Silence,True
3407,0.61,7.36,Normal,True
3408,3.3,8.68,Silence,False
3409,4.95,0.01,Down,True
3410,2.57,1.89,Burst,True
3411,2.58,9.95,Down,True
3412,4.17,8.43,Burst,False
3413,2.01,9.69,Silence,False
3414,5.69,0.47,Normal,False
3415,0.51,2.67,Normal,True
3416,3.19,7.57,Burst,True
3417,1.56,6.91,Burst,True
3418,0.93,2.26,Down,False
3419,3.28,0.37,Normal,True
3420,5.08,9.46,Silence,False
3421,1.89,6.2,Normal,True
3422,5.04,9.28,Silence,True
3423,0.46,8.1,Burst,True
3424,5.14,4.65,Silence,True
3425,0.54,0.13,Burst,True
3426,1.34,1.98,Burst,False
3427,0.42,0.12,Silence,False
3428,1.2,5.77,Silence,True
3429,3.6,0.29,Down,False
3430,4.56,5.31,Normal,False
3431,1.55,5.1,Burst,False
3432,1.61,2.19,Silence,True
3433,1.86,6.97,Burst,True
3434,2.55,6.24,Down,False
3435,0.15,6.63,Down,True
3436,0.07,9.13,Down,True
3437,3.74,3.85,Normal,True
3438,2.43,4.83,Down,True
3439,3.22,3.76,Down,False
3440,3.81,3.09,Down,True
3441,2.36,9.04,Down,False
3442,0.35,0.64,Down,False
3443,2.89,9.84,Burst,False
3444,0.7,1.74,Silence,False
3445,1.53,1.31,Down,True
3446,5.39,6.17,Burst,False
3447,0.79,0.83,Normal,True
3448,4.2,2.56,Silence,True
3449,5.28,4.37,Normal,False
3450,0.15,5.63,Down,False
3451,0.47,0.5,Silence,False
3452,3.82,2.01,Down,True
3453,4.46,2.19,Burst,False
3454,2.35,4.34,Burst,False
3455,5.79,0.8,Silence,False
3456,5.69,2.94,Normal,True
3457,1.41,7.77,Down,False
3458,2.34,8.9,Down,True
3459,2.95,3.47,Burst,False
3460,4.15,6.01,Burst,False
3461,5.07,5.46,Burst,False
3462,3.54,6.2,Burst,False
3463,1.01,5.14,Down,True
3464,0.49,8.74,Burst,True
3465,5.15,9.44,Down,False
3466,3.76,5.86,Down,True
3467,4.08,2.05,Normal,True
3468,4.01,2.2,Normal,False
3469,0.82,8.4,Normal,False
3470,1.57,5.86,Silence,False
3471,1.67,9.72,Down,True
3472,2.91,7.07,Silence,False
3473,4.38,1.95,Normal,False
3474,4.51,6.45,Silence,True
3475,3.79,5.82,Silence,True
3476,4.49,0.39,Burst,True
3477,1.24,6.81,Down,False
3478,0.67,4.04,Normal,True
3479,1.94,8.19,Down,False
3480,4.38,8.09,Silence,False
3481,4.95,5.74,Normal,False
3482,4.57,1.63,Down,True
3483,2.96,7.05,Silence,False
3484,5.73,6.25,Normal,True
3485,3.88,7.95,Silence,True
3486,4.78,9.15,Silence,True
3487,0.42,3.01,Normal,True
3488,0.25,9.68,Down,True
3489,1.02,5.81,Normal,False
3490,2.57,8.05,Silence,True
3491,1.33,6.86,Silence,True
3492,3.08,8.22,Silence,False
3493,1.89,6.29,Down,False
3494,1.34,1.1,Burst,False
3495,3.35,6.86,Down,False
3496,2.19,4.36,Down,False
3497,4.22,8.46,Down,False
3498,1.49,9.49,Burst,True
3499,2.13,7.72,Silence,True
3500,5.63,1.17,Down,False
3501,1.85,1.67,Silence,True
3502,2.9,3.95,Down,False
3503,1.99,7.91,Silence,True
3504,1.57,6.92,Down,True
3505,0.25,2.12,Normal,False
3506,3.76,1.27,Silence,False
3507,4.36,7.11,Normal,False
3508,3.54,0.51,Silence,False
3509,1.01,1.82,Down,False
3510,5.19,1.01,Silence,False
3511,1.27,0.48,Burst,False
3512,4.46,2.01,Burst,True
3513,0.46,3.56,Silence,False
3514,5.75,2.69,Normal,False
3515,0.6,2.55,Down,False
3516,5.3,0.98,Down,False
3517,2.02,9.5,Burst,False
3518,3.01,1.85,Silence,False
3519,2.28,3.77,Down,False
3520,3.86,9.68,Silence,False
3521,0.62,9.32,Silence,False
3522,5.76,1.83,Normal,False
3523,1.41,6.86,Silence,False
3524,4.74,3.43,Silence,True
3525,2.79,1.17,Down,False
3526,3.87,7.18,Silence,True
3527,0.8,7.99,Silence,False
3528,3.39,6.1,Normal,True
3529,5.72,1.14,Silence,False
3530,0.82,9.81,Burst,False
3531,1.89,1.88,Burst,False
3532,5.64,0.48,Normal,True
3533,1.32,1.59,Burst,True
3534,0.3,1.39,Burst,False
3535,2.9,5.43,Normal,True
3536,3.61,7.05,Down,True
3537,1.12,5.06,Silence,True
3538,1.07,4.55,Silence,False
3539,4.04,1.61,Burst,True
3540,4.1,3.67,Silence,True
3541,3.05,0.14,Normal,True
3542,4.39,3.26,Silence,False
3543,2.19,6.6,Silence,True
3544,5.14,1.64,Burst,True
3545,0.96,8.15,Normal,True
3546,5.02,3.98,Normal,True
3547,5.96,1.61,Silence,True
3548,5.91,1.69,Down,False
3549,4.02,8.72,Normal,False
3550,2.75,7.4,Silence,False
3551,2.55,3.95,Down,False
3552,3.93,5.7,Burst,False
3553,2.25,4.47,Down,False
3554,4.22,6.54,Burst,True
3555,2.71,7.3,Normal,True
3556,0.86,9.02,Down,True
3557,1.1,7.66,Down,True
3558,4.56,4.22,Burst,False
3559,0.93,4.69,Burst,True
3560,4.1,6.06,Down,False
3561,2.75,5.48,Silence,True
3562,0.82,8.64,Silence,True
3563,5.36,7.74,Down,True
3564,2.57,9.62,Down,True
3565,2.78,4.6,Normal,False
3566,2.96,1.17,Normal,True
3567,0.12,0.14,Silence,False
3568,2.49,8.31,Down,False
3569,2.06,9.63,Burst,True
3570,1.27,7.66,Burst,False
3571,5.82,4.11,Down,True
3572,2.39,4.63,Normal,False
3573,4.18,5.87,Down,False
3574,3.93,0.69,Silence,False
3575,4.01,1.63,Silence,True
3576,5.99,6.71,Normal,False
3577,0.25,1.44,Burst,False
3578,4.09,6.7,Normal,True
3579,3.69,5.61,Down,False
3580,4.93,7.85,Normal,True
3581,3.28,3.17,Normal,True
3582,0.5,2.52,Burst,False
3583,4.73,2.27,Silence,True
3584,2.94,0.54,Normal,True
3585,1.6,8.27,Silence,True
3586,4.77,0.84,Down,True
3587,3.45,5.74,Down,False
3588,4.5,8.87,Down,False
3589,4.05,9.96,Normal,True
3590,2.24,2.41,Normal,False
3591,0.63,5.47,Burst,True
3592,3.8,7.96,Normal,False
3593,4.38,1.1,Silence,True
3594,5.94,1.57,Burst,False
3595,4.87,5.48,Silence,True
3596,5.32,0.73,Burst,False
3597,0.98,7.4,Down,False
3598,1.86,3.45,Burst,False
3599,4.06,4.54,Burst,False
3600,2.7,8.13,Silence,False
3601,2.67,9.79,Silence,True
3602,4.13,4.81,Down,False
3603,0.92,4.94,Normal,True
3604,3.1,8.99,Normal,True
3605,3.38,5.28,Normal,False
3606,2.95,9.21,Normal,False
3607,3.82,9.61,Silence,False
3608,1.26,2.6,Burst,False
3609,4.18,0.0,Normal,True
3610,4.33,7.61,Down,False
3611,0.89,2.48,Down,True
3612,4.99,3.2,Silence,True
3613,5.38,1.37,Normal,True
3614,2.37,8.67,Silence,True
3615,0.31,2.53,Normal,True
3616,0.88,8.51,Normal,True
3617,1.69,1.72,Down,False
3618,0.75,2.37,Normal,True
3619,1.12,0.12,Normal,True
3620,2.19,8.35,Normal,True
3621,3.72,5.1,Down,False
3622,4.8,7.79,Normal,False
3623,2.16,3.17,Burst,True
3624,3.15,6.9,Down,True
3625,2.11,2.88,Burst,False
3626,2.27,1.8,Silence,True
3627,1.9,0.27,Down,False
3628,5.72,8.41,Burst,True
3629,4.08,2.5,Silence,True
3630,1.87,4.09,Down,False
3631,3.98,9.16,Down,True
3632,0.68,1.55,Normal,False
3633,5.04,9.67,Burst,False
3634,2.9,3.91,Silence,False
3635,5.72,0.2,Burst,False
3636,1.15,6.19,Burst,True
3637,4.29,9.57,Down,False
3638,5.33,2.76,Normal,True
3639,2.73,0.93,Down,False
3640,0.37,2.36,Silence,True
3641,1.57,5.22,Down,False
3642,4.82,0.08,Normal,True
3643,3.13,7.32,Down,False
3644,2.71,3.82,Burst,True
3645,1.58,5.86,Burst,True
3646,2.82,0.12,Normal,True
3647,4.12,0.01,Normal,False
3648,1.85,8.42,Down,False
3649,5.55,4.38,Down,False
3650,1.19,0.13,Burst,False
3651,2.26,5.83,Silence,True
3652,5.32,0.88,Burst,True
3653,3.97,5.88,Normal,True
3654,3.65,8.96,Burst,True
3655,2.55,5.56,Down,False
3656,0.36,3.11,Silence,False
3657,0.84,5.91,Down,False
3658,3.94,6.12,Silence,False
3659,0.45,7.78,Down,False
3660,5.54,9.83,Silence,False
3661,4.13,3.83,Burst,True
3662,4.81,2.21,Burst,True
3663,3.71,2.89,Silence,False
3664,5.79,7.63,Normal,True
3665,2.74,0.51,Silence,True
3666,1.54,7.58,Down,True
3667,0.73,7.91,Down,False
3668,1.37,2.38,Down,False
3669,3.7,5.06,Silence,False
3670,2.92,5.4,Normal,False
3671,4.07,4.94,Down,True
3672,2.42,3.49,Burst,False
3673,1.72,5.47,Silence,False
3674,5.56,4.91,Normal,True
3675,1.58,3.8,Burst,False
3676,2.08,2.83,Normal,False
3677,3.92,3.62,Silence,True
3678,1.94,2.34,Burst,True
3679,1.67,0.54,Down,False
3680,3.37,6.25,Burst,True
3681,2.76,2.68,Burst,False
3682,2.71,4.69,Down,False
3683,5.65,5.87,Down,False
3684,0.18,1.85,Burst,True
3685,4.93,9.64,Silence,True
3686,3.19,3.54,Normal,False
3687,1.05,0.88,Down,False
3688,3.73,6.74,Down,True
3689,4.94,6.53,Burst,True
3690,2.43,3.15,Silence,False
3691,1.96,9.66,Down,True
3692,4.61,9.92,Normal,False
3693,2.93,6.52,Normal,True
3694,2.68,8.06,Burst,False
3695,2.82,3.5,Burst,True
3696,2.58,5.35,Silence,True
3697,3.78,8.17,Silence,True
3698,5.38,7.79,Burst,True
3699,3.02,1.78,Normal,True
3700,3.89,9.16,Silence,True
3701,4.63,4.93,Normal,True
3702,4.6,6.97,Silence,True
3703,2.4,3.25,Silence,False
3704,1.93,0.82,Normal,True
3705,5.24,1.54,Silence,False
3706,4.49,5.78,Down,False
3707,2.68,6.62,Normal,True
3708,4.41,5.37,Normal,True
3709,0.72,4.25,Down,False
3710,5.45,1.19,Silence,False
3711,3.17,8.2,Down,False
3712,5.51,8.43,Down,True
3713,0.29,1.84,Silence,False
3714,4.23,1.71,Down,False
3715,4.3,4.25,Down,True
3716,0.06,6.46,Silence,False
3717,3.5,7.99,Normal,True
3718,3.07,0.29,Silence,True
3719,2.48,9.0,Normal,False
3720,1.71,9.5,Silence,True
3721,1.13,9.72,Normal,True
3722,0.96,8.93,Down,True
3723,0.51,6.43,Burst,True
3724,5.65,5.33,Normal,False
3725,0.88,8.32,Silence,False
3726,2.75,9.8,Silence,False
3727,5.01,5.65,Down,False
3728,4.94,0.44,Silence,False
3729,2.06,0.61,Normal,False
3730,5.6,2.01,Normal,False
3731,1.94,2.99,Silence,True
3732,0.72,9.03,Burst,True
3733,3.2,8.77,Down,True
3734,5.64,1.14,Normal,False
3735,5.46,3.16,Normal,True
3736,5.25,2.48,Down,False
3737,2.1,8.0,Burst,False
3738,4.93,9.79,Burst,True
3739,2.42,3.6,Burst,True
3740,1.67,0.09,Normal,False
3741,4.54,0.63,Down,False
3742,4.67,2.16,Down,True
3743,1.93,1.41,Normal,True
3744,3.83,6.81,Burst,False
3745,4.78,4.92,Burst,False
3746,1.98,7.14,Silence,False
3747,2.56,5.0,Silence,True
3748,2.22,3.63,Down,False
3749,4.11,2.5,Silence,True
3750,0.86,6.37,Silence,False
3751,0.38,5.32,Normal,True
3752,3.73,9.0,Burst,True
3753,2.18,8.68,Silence,False
3754,0.01,7.33,Burst,False
3755,2.76,7.15,Down,False
3756,3.67,1.65,Down,True
3757,5.88,2.2,Normal,False
3758,1.6,6.5,Down,True
3759,4.51,0.93,Burst,True
3760,2.83,8.63,Burst,True
3761,3.89,0.47,Burst,True
3762,5.48,0.54,Down,True
3763,0.69,0.64,Silence,False
3764,4.8,5.28,Burst,False
3765,2.14,6.75,Down,True
3766,2.26,3.97,Down,True
3767,0.72,5.38,Silence,False
3768,0.76,2.12,Silence,False
3769,5.95,2.1,Normal,True
3770,4.01,7.17,Silence,True
3771,4.09,0.31,Silence,True
3772,1.7,1.91,Burst,True
3773,1.55,2.28,Normal,False
3774,0.08,8.94,Burst,False
3775,5.92,1.96,Burst,True
3776,1.63,0.6,Normal,True
3777,3.98,5.93,Down,True
3778,5.89,4.65,Normal,True
3779,5.88,9.6,Down,False
3780,5.66,7.54,Down,False
3781,4.84,9.14,Normal,False
3782,1.72,5.92,Down,True
3783,2.35,4.1,Silence,True
3784,5.37,5.69,Normal,False
3785,4.62,1.19,Burst,False
3786,5.73,2.0,Normal,True
3787,5.84,4.54,Normal,False
3788,4.62,8.72,Normal,True
3789,4.9,1.84,Silence,True
3790,0.22,7.57,Down,False
3791,5.59,4.85,Down,False
3792,0.52,1.6,Down,False
3793,1.71,8.98,Normal,False
3794,4.97,5.89,Burst,True
3795,0.98,0.06,Burst,False
3796,4.19,9.9,Down,True
3797,1.87,5.05,Normal,True
3798,1.96,3.96,Down,False
3799,3.85,2.41,Normal,False
3800,5.73,2.35,Silence,False
3801,1.82,2.83,Normal,False
3802,2.23,3.93,Silence,False
3803,3.14,4.21,Burst,True
3804,2.68,6.93,Normal,False
3805,4.94,5.57,Silence,False
3806,5.74,1.09,Down,True
3807,0.97,6.22,Burst,False
3808,4.78,6.94,Normal,True
3809,3.36,6.25,Normal,True
3810,4.97,8.41,Silence,True
3811,2.35,9.41,Silence,True
3812,0.41,7.63,Burst,True
3813,2.14,8.85,Silence,True
3814,1.55,7.07,Normal,False
3815,5.68,4.72,Down,True
3816,2.53,7.28,Normal,False
3817,2.22,3.83,Normal,True
3818,1.46,1.46,Normal,True
3819,5.8,6.15,Normal,True
3820,2.12,6.8,Normal,False
3821,5.35,2.13,Silence,True
3822,5.56,1.68,Normal,False
3823,5.3,0.76,Normal,False
3824,2.33,6.65,Down,False
3825,2.63,7.53,Silence,True
3826,0.38,3.52,Normal,False
3827,2.95,5.12,Silence,False
3828,2.55,9.76,Silence,False
3829,1.95,7.96,Down,False
3830,4.51,1.86,Normal,False
3831,4.93,1.58,Burst,False
3832,2.13,9.02,Down,False
3833,5.31,8.85,Down,False
3834,4.9,4.67,Silence,True
3835,0.04,9.7,Silence,True
3836,2.55,0.89,Normal,True
3837,5.42,9.14,Silence,False
3838,5.52,0.89,Normal,True
3839,4.6,5.14,Down,False
3840,4.83,0.66,Normal,True
3841,2.89,7.03,Silence,False
3842,4.71,3.0,Normal,False
3843,0.96,6.15,Burst,False
3844,3.33,5.37,Silence,False
3845,2.37,7.36,Down,True
3846,0.98,2.69,Silence,True
3847,5.89,2.82,Normal,False
3848,4.06,4.83,Down,False
3849,0.87,6.76,Down,True
3850,5.63,4.25,Down,True
3851,3.05,3.49,Down,True
3852,3.98,6.06,Silence,True
3853,3.22,7.69,Burst,True
3854,1.46,9.87,Normal,False
3855,5.39,5.61,Normal,False
3856,3.06,7.49,Burst,True
3857,5.39,7.9,Silence,True
3858,3.62,5.14,Down,True
3859,2.35,7.61,Silence,False
3860,4.94,8.99,Normal,True
3861,1.6,5.44,Silence,False
3862,5.19,2.67,Normal,True
3863,2.54,5.34,Down,True
3864,3.89,4.8,Burst,True
3865,0.49,6.99,Down,False
3866,3.85,9.26,Silence,True
3867,3.88,3.45,Down,True
3868,3.0,3.24,Down,True
3869,2.55,0.54,Normal,True
3870,4.72,2.21,Normal,True
3871,3.42,7.32,Down,False
3872,1.89,3.95,Silence,False
3873,1.68,3.59,Silence,True
3874,1.62,5.32,Silence,True
3875,0.31,3.45,Down,False
3876,2.47,7.8,Burst,True
3877,4.34,0.09,Silence,False
3878,5.7,5.24,Burst,True
3879,2.98,1.76,Normal,True
3880,5.13,7.64,Burst,False
3881,1.38,9.19,Down,True
3882,3.89,5.81,Burst,False
3883,2.39,0.8,Silence,False
3884,2.34,8.34,Silence,True
3885,3.76,9.71,Normal,True
3886,2.12,7.77,Burst,False
3887,4.9,6.96,Normal,True
3888,2.0,8.02,Down,True
3889,4.41,6.99,Normal,True
3890,5.11,2.55,Normal,True
3891,2.21,7.16,Normal,False
3892,0.57,3.05,Silence,True
3893,2.65,2.67,Silence,True
3894,4.9,5.36,Normal,True
3895,4.55,2.37,Normal,True
3896,1.67,5.79,Burst,False
3897,4.06,9.2,Down,True
3898,4.32,2.94,Normal,True
3899,5.73,2.27,Normal,True
3900,5.77,9.62,Normal,False
3901,0.0,3.11,Down,False
3902,1.16,1.82,Burst,True
3903,5.59,3.71,Normal,True
3904,3.63,8.63,Down,False
3905,4.81,8.44,Burst,False
3906,3.64,4.24,Normal,False
3907,2.1,8.38,Normal,False
3908,4.28,3.12,Burst,False
3909,3.65,8.63,Normal,False
3910,1.32,0.41,Down,False
3911,5.04,1.96,Silence,True
3912,5.28,7.35,Silence,True
3913,5.04,0.03,Normal,True
3914,0.11,1.61,Normal,True
3915,2.94,6.25,Down,False
3916,1.8,9.86,Silence,False
3917,4.41,1.6,Normal,True
3918,1.1,0.31,Burst,False
3919,5.96,4.07,Down,False
3920,0.72,1.29,Down,True
3921,0.48,8.19,Down,False
3922,4.91,6.37,Burst,True
3923,5.35,6.66,Silence,True
3924,4.01,5.75,Burst,False
3925,5.76,2.98,Burst,True
3926,3.1,3.52,Silence,True
3927,3.01,4.59,Burst,True
3928,5.17,6.66,Down,True
3929,3.73,8.98,Down,True
3930,2.34,5.83,Silence,True
3931,4.23,2.19,Normal,False
3932,3.02,8.06,Silence,True
3933,5.81,8.64,Down,True
3934,5.27,7.34,Normal,True
3935,2.24,1.83,Silence,False
3936,2.58,2.11,Normal,True
3937,1.89,0.56,Burst,True
3938,3.13,6.02,Normal,False
3939,2.89,2.94,Down,True
3940,2.92,9.85,Down,True
3941,4.77,3.15,Silence,True
3942,3.93,5.52,Silence,False
3943,4.34,5.27,Down,True
3944,4.76,4.01,Down,False
3945,0.78,3.24,Normal,True
3946,0.06,3.47,Burst,True
3947,3.13,1.01,Silence,False
3948,5.49,2.16,Down,True
3949,3.95,5.21,Normal,True
3950,4.09,8.05,Silence,True
3951,3.13,7.71,Normal,False
3952,5.84,4.77,Down,False
3953,5.47,2.65,Down,True
3954,4.55,4.16,Down,False
3955,3.31,5.98,Burst,False
3956,0.06,6.84,Down,True
3957,5.83,2.45,Down,False
3958,4.68,3.89,Normal,False
3959,0.79,0.47,Down,True
3960,4.21,4.79,Down,False
3961,2.83,9.37,Down,False
3962,2.79,8.9,Down,True
3963,1.18,1.84,Normal,True
3964,1.24,7.54,Burst,True
3965,3.71,7.7,Normal,True
3966,1.29,2.11,Silence,True
3967,4.73,8.1,Burst,False
3968,3.97,6.83,Silence,True
3969,2.71,7.79,Silence,False
3970,2.43,4.3,Down,False
3971,2.84,4.29,Down,True
3972,1.54,3.78,Down,False
3973,3.16,1.85,Down,True
3974,0.86,2.76,Burst,True
3975,4.23,7.62,Down,False
3976,1.29,7.27,Normal,True
3977,4.56,8.27,Down,False
3978,3.82,1.49,Burst,True
3979,1.42,6.35,Burst,False
3980,5.25,4.55,Down,True
3981,5.59,2.79,Burst,True
3982,4.88,5.65,Silence,False
3983,5.81,4.25,Normal,True
3984,3.98,1.21,Normal,True
3985,2.56,0.36,Silence,True
3986,3.07,8.82,Down,False
3987,0.67,6.87,Down,True
3988,2.08,6.31,Normal,True
3989,1.06,9.59,Silence,True
3990,0.14,5.39,Burst,True
3991,4.81,4.12,Silence,False
3992,1.4,1.75,Burst,True
3993,4.65,7.11,Burst,False
3994,0.72,1.26,Burst,False
3995,1.36,6.14,Burst,True
3996,2.11,9.9,Normal,False
3997,3.77,9.11,Silence,False
3998,4.97,0.87,Down,True
3999,1.6,1.8,Down,False
4000,1.36,0.99,Normal,False
4001,2.76,5.72,Burst,True
4002,1.47,1.36,Silence,True
4003,1.45,3.34,Normal,False
4004,4.87,3.4,Silence,True
4005,5.52,3.26,Normal,True
4006,1.74,1.55,Down,True
4007,4.24,8.74,Normal,False
4008,5.82,4.13,Down,False
4009,2.02,9.92,Normal,False
4010,4.0,4.45,Silence,False
4011,1.52,0.13,Silence,False
4012,4.27,0.86,Normal,True
4013,5.55,9.33,Normal,True
4014,0.73,4.86,Normal,False
4015,2.58,4.42,Silence,False
4016,3.49,6.46,Burst,True
4017,4.94,7.17,Down,True
4018,2.54,3.35,Normal,True
4019,1.31,0.03,Burst,False
4020,4.32,4.4,Burst,False
4021,0.19,4.0,Normal,False
4022,2.65,7.6,Down,True
4023,1.73,3.1,Down,False
4024,3.79,5.15,Burst,False
4025,1.47,0.7,Down,False
4026,0.42,9.63,Normal,False
4027,4.73,2.98,Silence,False
4028,2.95,1.22,Silence,False
4029,0.27,7.3,Down,False
4030,2.5,3.05,Burst,False
4031,0.62,0.61,Normal,True
4032,4.73,1.23,Silence,True
4033,3.69,4.27,Silence,False
4034,1.93,3.75,Normal,False
4035,1.1,5.31,Burst,True
4036,0.34,6.29,Normal,False
4037,3.16,6.39,Down,True
4038,4.8,9.23,Down,True
4039,2.46,2.37,Silence,False
4040,3.15,5.19,Down,True
4041,2.75,2.58,Down,True
4042,4.92,5.94,Silence,False
4043,1.1,1.22,Normal,False
4044,4.23,8.31,Normal,False
4045,4.81,1.46,Down,False
4046,3.37,1.84,Burst,True
4047,4.43,9.68,Silence,True
4048,4.43,6.39,Burst,False
4049,4.18,3.43,Burst,False
4050,1.31,8.03,Burst,False
4051,0.56,5.88,Down,False
4052,0.42,4.77,Burst,True
4053,4.36,7.16,Burst,False
4054,4.59,3.35,Burst,False
4055,2.68,8.97,Down,False
4056,4.66,2.75,Burst,False
4057,0.33,7.69,Silence,True
4058,0.58,9.19,Normal,True
4059,2.81,2.54,Down,True
4060,0.85,4.18,Down,False
4061,1.78,5.02,Burst,True
4062,4.17,0.87,Down,False
4063,4.12,9.43,Burst,True
4064,0.14,2.64,Normal,True
4065,4.63,2.88,Normal,False
4066,3.78,0.88,Burst,True
4067,0.73,3.89,Burst,True
4068,4.71,4.13,Burst,True
4069,1.0,6.68,Silence,False
4070,2.06,6.62,Burst,True
4071,2.56,8.02,Down,True
4072,0.89,9.63,Normal,False
4073,4.9,6.05,Silence,True
4074,4.54,9.23,Down,True
4075,3.36,0.17,Normal,False
4076,2.02,7.61,Down,True
4077,2.33,4.72,Burst,False
4078,3.81,1.8,Silence,True
4079,1.52,0.67,Burst,True
4080,1.49,6.26,Normal,True
4081,1.85,3.28,Silence,False
4082,3.33,2.36,Down,True
4083,1.62,5.22,Silence,False
4084,5.54,4.58,Normal,False
4085,2.27,1.21,Down,False
4086,2.53,4.4,Normal,True
4087,1.11,9.84,Down,False
4088,3.54,4.71,Normal,True
4089,0.37,5.45,Down,False
4090,3.41,8.45,Normal,False
4091,5.44,6.12,Burst,True
4092,4.93,4.36,Normal,True
4093,3.25,0.52,Silence,False
4094,0.91,5.7,Normal,False
4095,0.25,3.97,Silence,False
4096,4.37,1.48,Silence,False
4097,1.67,4.76,Silence,True
4098,3.83,0.46,Burst,True
4099,1.49,5.59,Burst,False
4100,5.36,4.01,Burst,False
4101,3.58,7.97,Normal,False
4102,4.39,4.83,Burst,False
4103,5.69,5.49,Burst,False
4104,1.96,7.76,Normal,False
4105,5.13,9.4,Silence,True
4106,5.88,5.35,Burst,False
4107,5.22,9.77,Burst,False
4108,0.27,2.66,Normal,False
4109,4.18,3.09,Burst,False
4110,3.08,9.51,Normal,False
4111,2.06,2.82,Silence,True
4112,3.16,2.25,Silence,False
4113,3.73,0.12,Burst,False
4114,1.0,5.74,Silence,True
4115,2.25,8.67,Normal,False
4116,3.06,0.73,Down,False
4117,2.7,5.41,Down,True
4118,5.46,9.7,Burst,False
4119,2.91,1.97,Silence,False
4120,1.71,6.93,Down,False
4121,1.45,1.67,Burst,False
4122,0.61,5.82,Silence,False
4123,3.66,8.01,Silence,False
4124,0.91,0.88,Down,False
4125,3.09,7.21,Burst,False
4126,1.7,8.72,Normal,False
4127,5.54,9.82,Normal,True
4128,3.8,5.34,Down,False
4129,2.75,2.21,Normal,True
4130,5.36,8.16,Normal,True
4131,4.88,0.59,Burst,True
4132,3.22,1.87,Normal,True
4133,3.19,5.37,Burst,False
4134,3.99,7.76,Burst,False
4135,1.57,4.43,Normal,False
4136,3.58,3.03,Silence,False
4137,2.48,5.26,Silence,True
4138,0.54,0.15,Down,False
4139,0.32,9.94,Burst,True
4140,4.69,1.95,Silence,True
4141,3.41,1.05,Normal,True
4142,2.9,8.57,Down,False
4143,5.32,1.67,Silence,False
4144,3.49,9.0,Silence,False
4145,0.68,9.39,Down,False
4146,5.07,7.62,Burst,True
4147,4.35,2.71,Normal,False
4148,6.0,9.72,Normal,True
4149,3.07,5.87,Down,False
4150,2.41,6.42,Normal,False
4151,4.19,1.85,Down,False
4152,5.22,3.98,Down,False
4153,2.3,6.29,Normal,False
4154,3.96,5.69,Normal,False
4155,0.71,1.31,Burst,True
4156,3.15,7.14,Silence,False
4157,3.65,3.6,Silence,False
4158,0.29,8.08,Normal,True
4159,4.75,2.14,Down,False
4160,2.18,3.67,Down,False
4161,2.79,6.74,Burst,True
4162,0.46,7.78,Normal,True
4163,1.59,9.0,Silence,False
4164,3.3,7.66,Normal,False
4165,3.28,2.14,Silence,False
4166,2.62,9.46,Silence,False
4167,0.28,6.64,Silence,True
4168,5.25,3.36,Normal,False
4169,3.36,0.83,Silence,False
4170,0.77,3.4,Normal,True
4171,5.98,4.41,Burst,True
4172,0.14,1.34,Silence,True
4173,0.89,4.2,Normal,False
4174,5.47,3.96,Burst,False
4175,0.82,9.45,Silence,True
4176,4.67,8.42,Normal,False
4177,3.93,1.53,Silence,True
4178,0.16,3.7,Normal,False
4179,3.62,2.66,Burst,True
4180,2.07,3.44,Burst,False
4181,0.47,5.75,Down,False
4182,1.56,4.36,Normal,False
4183,1.9,7.95,Down,False
4184,2.12,2.08,Down,False
4185,0.71,5.75,Burst,True
4186,2.15,8.5,Normal,False
4187,4.89,7.69,Burst,True
4188,2.65,7.38,Down,False
4189,0.81,3.59,Normal,False
4190,4.89,1.6,Burst,False
4191,1.06,1.03,Down,True
4192,2.64,1.19,Silence,True
4193,5.48,9.97,Down,False
4194,2.96,1.79,Burst,True
4195,0.25,0.62,Normal,True
4196,5.59,1.99,Silence,False
4197,0.04,2.36,Normal,False
4198,5.8,8.94,Down,True
4199,1.83,6.38,Normal,True
4200,0.83,0.75,Normal,False
4201,1.3,4.07,Burst,False
4202,1.31,9.38,Down,False
4203,0.47,7.2,Burst,False
4204,2.57,8.36,Silence,False
4205,5.42,4.19,Normal,False
4206,3.93,4.71,Silence,True
4207,1.45,3.22,Down,False
4208,2.83,2.93,Normal,True
4209,5.18,7.67,Burst,True
4210,3.93,8.34,Normal,True
4211,3.63,1.82,Silence,True
4212,0.29,2.71,Burst,False
4213,5.73,9.87,Burst,True
4214,2.5,8.7,Silence,True
4215,3.28,6.28,Down,False
4216,4.23,6.72,Normal,True
4217,4.14,3.26,Burst,True
4218,0.49,1.64,Normal,True
4219,5.25,2.4,Down,False
4220,5.27,2.88,Down,True
4221,4.82,8.38,Normal,True
4222,4.71,9.92,Silence,False
4223,2.62,6.7,Burst,False
4224,3.09,6.57,Down,True
4225,0.18,9.31,Down,True
4226,3.33,3.47,Silence,False
4227,0.01,8.68,Silence,False
4228,2.45,8.47,Burst,False
4229,1.11,8.74,Burst,True
4230,4.04,9.53,Normal,True
4231,4.83,0.95,Normal,True
4232,0.59,3.51,Burst,False
4233,4.26,3.36,Burst,True
4234,4.45,1.7,Down,False
4235,1.62,7.46,Normal,False
4236,3.72,9.98,Silence,False
4237,1.06,7.07,Normal,False
4238,2.12,3.15,Silence,False
4239,1.54,7.83,Burst,True
4240,0.83,0.3,Silence,False
4241,1.48,9.33,Burst,True
4242,5.8,3.75,Burst,False
4243,2.57,3.49,Silence,True
4244,3.37,9.52,Down,False
4245,2.89,6.75,Burst,True
4246,1.39,8.52,Burst,False
4247,5.92,1.55,Burst,True
4248,4.16,4.55,Down,True
4249,4.45,4.18,Burst,True
4250,1.33,6.0,Normal,False
4251,0.08,3.6,Normal,False
4252,5.75,9.85,Silence,False
4253,5.14,6.65,Silence,True
4254,0.99,8.62,Burst,False
4255,2.66,0.05,Down,False
4256,4.72,6.72,Normal,True
4257,1.38,0.79,Silence,True
4258,0.03,3.27,Normal,True
4259,5.42,8.86,Normal,True
4260,3.05,1.98,Normal,True
4261,4.63,1.72,Down,True
4262,2.48,7.9,Burst,False
4263,2.21,5.47,Silence,False
4264,4.49,9.28,Burst,False
4265,3.11,0.36,Normal,False
4266,1.25,6.02,Burst,True
4267,1.47,7.74,Normal,True
4268,1.86,9.94,Normal,True
4269,3.42,8.7,Normal,False
4270,4.64,5.25,Down,True
4271,1.36,0.65,Silence,True
4272,0.74,9.13,Normal,True
4273,3.14,6.1,Normal,True
4274,2.79,5.13,Burst,True
4275,4.85,5.55,Down,True
4276,0.66,5.11,Down,False
4277,5.63,5.9,Silence,False
4278,4.38,9.98,Burst,False
4279,2.18,8.96,Down,False
4280,5.56,7.59,Silence,True
4281,2.54,3.69,Down,False
4282,2.5,1.9,Normal,True
4283,5.25,4.34,Silence,False
4284,0.88,4.63,Normal,True
4285,1.44,0.36,Normal,True
4286,1.79,1.45,Silence,True
4287,4.49,2.03,Burst,True
4288,4.0,5.04,Burst,True
4289,0.2,3.72,Normal,False
4290,1.02,4.56,Silence,True
4291,3.1,4.8,Burst,False
4292,3.44,5.88,Silence,False
4293,5.08,0.79,Burst,True
4294,3.52,8.45,Normal,True
4295,2.39,9.18,Down,False
4296,2.38,6.46,Burst,True
4297,1.05,2.09,Silence,False
4298,0.32,8.69,Normal,True
4299,3.5,6.54,Down,False
4300,5.39,4.09,Silence,False
4301,0.03,1.71,Down,False
4302,3.07,4.36,Normal,True
4303,5.22,6.54,Silence,False
4304,5.95,8.38,Burst,False
4305,3.73,8.16,Normal,True
4306,5.91,8.9,Burst,True
4307,3.6,1.53,Down,False
4308,0.14,4.53,Normal,False
4309,1.37,2.68,Down,True
4310,5.26,6.72,Down,True
4311,0.02,8.26,Normal,True
4312,1.99,2.69,Normal,False
4313,5.1,9.92,Burst,False
4314,3.42,9.95,Normal,True
4315,2.28,7.31,Normal,True
4316,3.74,6.26,Silence,True
4317,3.15,9.06,Normal,False
4318,1.33,4.45,Normal,False
4319,4.57,9.79,Normal,False
4320,5.63,8.5,Normal,True
4321,2.97,6.81,Silence,True
4322,5.22,8.87,Down,False
4323,1.53,2.74,Burst,False
4324,5.15,5.54,Burst,True
4325,2.0,8.96,Silence,False
4326,5.38,5.64,Burst,False
4327,0.57,6.76,Silence,False
4328,1.94,7.96,Down,True
4329,4.46,5.65,Burst,False
4330,0.88,2.36,Burst,True
4331,1.88,2.07,Burst,False
4332,0.55,4.39,Burst,False
4333,4.21,0.85,Down,True
4334,5.54,6.85,Burst,True
4335,2.98,0.39,Normal,False
4336,5.52,7.19,Down,True
4337,2.8,5.6,Down,False
4338,3.46,8.32,Down,True
4339,2.94,0.32,Burst,True
4340,3.96,6.05,Burst,False
4341,1.6,2.29,Down,True
4342,2.68,4.14,Burst,False
4343,4.66,1.27,Down,True
4344,2.63,0.54,Burst,True
4345,4.9,5.37,Burst,False
4346,2.49,0.28,Burst,True
4347,3.74,1.62,Down,True
4348,1.12,6.38,Normal,True
4349,5.82,6.55,Burst,True
4350,0.9,3.81,Normal,True
4351,3.45,9.36,Normal,False
4352,5.67,6.05,Down,False
4353,3.27,6.33,Burst,True
4354,2.88,7.46,Silence,True
4355,5.87,0.81,Burst,False
4356,5.71,1.19,Silence,False
4357,2.92,9.29,Down,True
4358,1.01,8.58,Normal,False
4359,0.63,8.53,Normal,False
4360,4.31,7.31,Burst,False
4361,3.01,8.93,Normal,False
4362,4.25,3.04,Silence,True
4363,1.17,5.71,Burst,True
4364,4.07,3.08,Burst,False
4365,0.43,8.77,Normal,True
4366,2.19,1.61,Normal,False
4367,5.28,9.2,Down,True
4368,0.21,4.46,Down,True
4369,4.82,3.98,Normal,True
4370,3.82,5.21,Down,True
4371,2.34,0.2,Down,False
4372,2.59,7.32,Silence,True
4373,0.27,4.25,Burst,True
4374,3.69,0.29,Burst,True
4375,0.63,0.03,Down,True
4376,1.83,6.93,Down,True
4377,5.26,3.92,Normal,False
4378,4.18,6.08,Down,False
4379,0.91,0.83,Down,False
4380,4.64,2.74,Burst,True
4381,1.71,1.02,Down,False
4382,3.84,2.45,Burst,True
4383,0.97,8.5,Silence,True
4384,1.85,5.56,Normal,False
4385,3.83,3.32,Burst,True
4386,0.66,3.47,Burst,False
4387,1.94,5.06,Burst,False
4388,5.12,1.07,Silence,False
4389,2.85,5.75,Silence,True
4390,5.0,2.72,Normal,True
4391,4.89,8.53,Silence,True
4392,4.9,2.9,Burst,False
4393,4.68,5.62,Burst,False
4394,0.19,2.84,Normal,True
4395,3.0,7.26,Silence,False
4396,0.25,2.44,Burst,False
4397,3.06,3.86,Down,True
4398,4.85,7.37,Down,False
4399,2.09,5.63,Silence,False
4400,3.11,0.65,Normal,False
4401,4.92,1.09,Down,False
4402,1.88,4.57,Down,False
4403,2.93,5.78,Normal,True
4404,5.26,3.15,Burst,False
4405,5.82,1.53,Silence,True
4406,2.25,2.79,Burst,True
4407,0.09,7.83,Down,True
4408,2.14,1.8,Down,True
4409,0.49,7.65,Burst,False
4410,3.28,3.22,Burst,False
4411,3.75,7.34,Down,True
4412,3.03,1.89,Burst,True
4413,2.61,3.76,Down,True
4414,3.82,2.32,Down,True
4415,3.35,1.78,Down,True
4416,4.78,1.84,Burst,False
4417,1.89,3.06,Silence,False
4418,3.88,3.28,Down,True
4419,5.29,0.54,Silence,False
4420,1.97,6.88,Normal,True
4421,0.59,8.9,Burst,True
4422,3.36,2.08,Normal,True
4423,0.94,0.21,Burst,False
4424,0.55,0.91,Burst,False
4425,2.12,5.99,Silence,True
4426,0.27,9.86,Silence,False
4427,0.41,0.44,Silence,False
4428,1.72,7.87,Down,True
4429,5.18,5.01,Down,False
4430,4.05,1.87,Silence,True
4431,1.87,0.84,Down,False
4432,3.49,9.0,Down,True
4433,4.78,1.49,Silence,True
4434,4.79,0.04,Normal,False
4435,1.05,3.9,Down,False
4436,3.12,0.35,Silence,True
4437,5.74,0.0,Burst,False
4438,2.69,1.3,Down,True
4439,2.27,9.57,Down,False
4440,0.26,9.54,Silence,False
4441,1.24,5.72,Silence,True
4442,5.5,0.02,Silence,True
4443,4.94,4.98,Silence,False
4444,4.25,8.19,Normal,True
4445,2.0,3.44,Down,False
4446,2.55,3.77,Silence,False
4447,1.68,8.2,Burst,True
4448,0.79,7.85,Down,True
4449,3.3,4.65,Burst,False
4450,3.53,5.57,Burst,True
4451,3.18,5.17,Down,False
4452,0.85,5.97,Normal,True
4453,1.76,1.01,Normal,False
4454,0.66,5.35,Normal,False
4455,0.34,7.47,Silence,True
4456,2.15,5.62,Down,False
4457,2.83,0.58,Burst,False
4458,3.33,5.86,Silence,False
4459,0.83,2.28,Normal,True
4460,5.33,1.99,Normal,True
4461,2.33,0.78,Burst,True
4462,5.75,0.66,Burst,True
4463,0.09,3.66,Silence,False
4464,1.09,8.68,Burst,True
4465,3.64,1.19,Down,False
4466,1.15,3.59,Down,True
4467,1.02,9.56,Silence,False
4468,3.03,9.85,Silence,True
4469,4.49,3.11,Down,True
4470,1.38,6.51,Silence,True
4471,2.31,5.28,Down,False
4472,0.14,3.06,Down,True
4473,1.93,2.4,Normal,True
4474,5.74,8.64,Silence,False
4475,4.17,8.77,Silence,False
4476,5.73,9.55,Burst,True
4477,1.54,1.96,Normal,False
4478,4.47,8.87,Normal,False
4479,1.04,5.29,Silence,True
4480,3.13,3.55,Silence,True
4481,4.56,3.22,Down,False
4482,5.65,2.43,Normal,False
4483,1.55,1.41,Down,False
4484,1.35,3.28,Silence,True
4485,4.72,9.16,Normal,True
4486,2.23,6.16,Down,True
4487,0.61,4.32,Burst,True
4488,5.4,3.9,Normal,True
4489,5.95,9.16,Normal,True
4490,5.22,7.94,Normal,False
4491,4.56,9.87,Down,False
4492,1.89,2.78,Burst,False
4493,2.65,4.32,Burst,False
4494,3.23,7.28,Burst,False
4495,4.93,9.14,Burst,False
4496,2.0,2.61,Burst,True
4497,5.67,3.96,Down,True
4498,5.55,1.69,Normal,False
4499,3.79,6.06,Down,True
4500,4.16,9.52,Down,True
4501,1.82,7.11,Silence,False
4502,3.87,5.71,Normal,True
4503,2.72,5.39,Burst,True
4504,5.51,5.74,Normal,False
4505,2.36,2.38,Normal,False
4506,4.56,7.22,Burst,False
4507,5.13,3.74,Silence,True
4508,1.78,7.66,Normal,False
4509,4.35,4.12,Burst,False
4510,5.07,8.58,Down,True
4511,2.49,4.39,Down,True
4512,1.6,4.1,Normal,True
4513,2.24,3.0,Silence,False
4514,0.19,7.92,Silence,False
4515,1.4,7.77,Silence,True
4516,4.23,4.67,Normal,False
4517,5.83,4.71,Normal,True
4518,4.33,7.11,Silence,True
4519,4.58,9.6,Burst,True
4520,0.62,6.62,Burst,False
4521,0.16,5.83,Down,False
4522,4.92,3.73,Down,True
4523,4.86,5.95,Normal,True
4524,2.27,8.08,Silence,True
4525,3.46,6.11,Burst,True
4526,3.83,2.98,Burst,True
4527,2.6,6.35,Silence,True
4528,1.71,6.71,Burst,True
4529,1.43,3.65,Normal,False
4530,4.18,9.58,Normal,True
4531,1.92,6.98,Silence,True
4532,3.12,6.87,Normal,False
4533,3.4,9.1,Down,True
4534,5.1,9.7,Down,False
4535,1.29,9.76,Normal,True
4536,4.74,8.24,Silence,False
4537,0.93,4.73,Silence,False
4538,2.55,2.07,Down,True
4539,2.93,8.29,Normal,True
4540,1.64,6.05,Normal,False
4541,3.36,1.57,Silence,True
4542,0.61,7.38,Normal,False
4543,1.87,6.41,Normal,False
4544,0.98,7.88,Down,True
4545,3.95,1.03,Down,True
4546,1.74,5.6,Burst,False
4547,0.14,8.34,Down,False
4548,3.24,3.41,Normal,False
4549,4.86,1.8,Down,False
4550,3.99,1.63,Burst,True
4551,0.97,5.86,Silence,False
4552,5.17,2.55,Down,True
4553,1.1,5.21,Burst,True
4554,4.66,5.72,Down,True
4555,4.22,7.8,Normal,False
4556,3.51,6.47,Burst,False
4557,1.81,5.5,Silence,True
4558,3.87,9.1,Normal,True
4559,3.91,5.05,Normal,False
4560,3.14,5.29,Silence,False
4561,0.22,7.25,Normal,True
4562,4.85,2.07,Normal,True
4563,2.74,9.35,Burst,False
4564,1.16,4.61,Burst,True
4565,5.5,4.16,Normal,True
4566,2.96,2.12,Silence,False
4567,4.26,10.0,Burst,True
4568,5.81,9.57,Silence,False
4569,5.54,7.76,Normal,True
4570,5.26,6.38,Down,False
4571,5.91,0.25,Burst,False
4572,0.07,3.99,Burst,True
4573,5.15,2.27,Down,False
4574,4.25,2.34,Normal,False
4575,4.07,0.52,Down,False
4576,3.04,9.61,Burst,True
4577,3.07,0.5,Burst,False
4578,5.83,5.32,Normal,True
4579,0.47,6.87,Normal,True
4580,5.57,7.52,Normal,False
4581,3.66,0.79,Down,False
4582,3.1,2.58,Silence,True
4583,1.5,3.35,Silence,True
4584,4.06,8.36,Normal,True
4585,3.46,2.03,Down,True
4586,4.82,2.2,Down,False
4587,1.03,4.31,Normal,False
4588,2.41,9.46,Normal,True
4589,2.84,5.16,Normal,False
4590,0.54,7.77,Down,False
4591,1.3,1.54,Down,True
4592,2.58,6.44,Silence,True
4593,0.42,3.19,Normal,False
4594,0.11,1.32,Silence,True
4595,4.38,5.07,Silence,False
4596,1.31,1.41,Down,False
4597,1.84,3.62,Burst,True
4598,0.91,5.58,Silence,False
4599,5.29,4.76,Burst,False
4600,1.15,2.87,Silence,True
4601,0.17,8.14,Normal,True
4602,1.4,3.37,Silence,True
4603,4.92,2.54,Burst,True
4604,0.15,0.13,Silence,True
4605,2.3,2.21,Normal,False
4606,4.56,4.68,Normal,True
4607,3.81,6.1,Normal,False
4608,4.63,7.53,Burst,True
4609,3.56,2.47,Burst,True
4610,3.96,2.7,Burst,True
4611,2.58,1.89,Down,True
4612,4.04,5.99,Normal,False
4613,3.44,9.83,Normal,False
4614,4.59,9.62,Burst,False
4615,3.88,2.26,Normal,True
4616,3.99,7.3,Burst,True
4617,5.82,5.81,Burst,True
4618,2.33,5.41,Silence,True
4619,3.81,6.43,Silence,False
4620,1.14,3.59,Normal,False
4621,4.99,0.21,Normal,False
4622,1.3,0.54,Silence,True
4623,1.08,6.54,Silence,True
4624,1.5,6.89,Burst,False
4625,3.09,9.45,Down,False
4626,5.65,9.18,Normal,True
4627,3.55,0.02,Silence,False
4628,0.66,1.41,Down,False
4629,1.02,0.68,Silence,True
4630,0.62,6.36,Burst,False
4631,2.9,5.76,Normal,False
4632,1.06,2.07,Down,True
4633,2.7,6.3,Normal,False
4634,2.7,7.57,Burst,True
4635,3.48,0.75,Burst,False
4636,1.84,6.81,Down,False
4637,2.13,8.43,Normal,False
4638,1.31,0.04,Down,True
4639,4.11,6.01,Silence,False
4640,0.72,8.62,Silence,True
4641,5.62,5.49,Silence,False
4642,4.14,8.68,Silence,True
4643,2.36,5.05,Down,False
4644,0.81,6.22,Down,False
4645,3.19,1.04,Silence,True
4646,3.82,8.18,Burst,True
4647,3.35,2.81,Down,True
4648,2.81,1.46,Burst,False
4649,1.36,8.91,Normal,True
4650,2.71,8.14,Down,True
4651,3.43,0.25,Silence,False
4652,0.03,8.54,Normal,True
4653,1.73,5.13,Silence,False
4654,5.3,1.39,Silence,False
4655,2.74,6.06,Silence,False
4656,2.22,6.14,Burst,True
4657,0.11,8.73,Down,False
4658,2.91,4.12,Down,False
4659,2.08,1.93,Burst,True
4660,3.88,4.41,Normal,True
4661,1.92,6.77,Down,False
4662,5.45,4.96,Silence,True
4663,0.14,4.79,Normal,False
4664,3.08,5.9,Normal,False
4665,5.79,7.72,Down,True
4666,1.09,5.47,Down,True
4667,0.12,8.91,Burst,True
4668,2.27,4.73,Silence,False
4669,3.63,8.13,Down,False
4670,4.93,6.64,Normal,False
4671,4.86,8.09,Down,True
4672,0.08,8.39,Burst,True
4673,5.11,1.63,Down,True
4674,4.05,0.19,Burst,True
4675,0.4,2.17,Down,True
4676,5.26,8.78,Burst,True
4677,3.27,2.49,Silence,False
4678,0.13,5.66,Silence,False
4679,4.04,2.58,Silence,False
4680,2.88,2.45,Silence,True
4681,4.65,3.59,Burst,True
4682,4.33,6.95,Silence,True
4683,1.95,1.58,Down,False
4684,4.27,7.93,Burst,True
4685,0.02,1.99,Silence,True
4686,1.1,6.24,Down,True
4687,2.3,7.81,Silence,False
4688,1.13,2.97,Silence,True
4689,3.66,9.93,Normal,True
4690,4.6,5.55,Burst,True
4691,1.49,8.7,Burst,False
4692,1.17,9.33,Normal,False
4693,2.65,7.18,Silence,True
4694,4.47,6.25,Silence,True
4695,1.6,5.03,Down,True
4696,0.19,0.48,Silence,False
4697,4.98,7.76,Burst,False
4698,3.5,7.4,Burst,False
4699,2.16,7.36,Burst,True
4700,5.39,1.77,Normal,True
4701,0.61,0.94,Normal,False
4702,4.4,1.05,Normal,True
4703,5.28,9.32,Burst,True
4704,0.15,8.35,Burst,True
4705,5.34,0.59,Burst,False
4706,2.76,7.86,Silence,False
4707,0.86,7.27,Normal,False
4708,4.65,9.02,Normal,False
4709,1.88,7.07,Normal,True
4710,4.3,3.3,Burst,True
4711,3.93,9.95,Silence,True
4712,4.77,7.89,Silence,True
4713,1.71,6.24,Silence,True
4714,0.63,7.82,Silence,True
4715,1.02,0.78,Silence,True
4716,0.73,8.34,Down,True
4717,1.02,4.64,Silence,False
4718,4.65,7.22,Silence,True
4719,5.63,1.41,Silence,True
4720,3.99,0.57,Normal,True
4721,3.7,2.24,Down,False
4722,1.8,4.13,Normal,True
4723,3.42,6.85,Silence,True
4724,4.38,4.04,Burst,True
4725,5.68,5.97,Silence,True
4726,3.51,1.6,Burst,True
4727,4.55,2.0,Normal,True
4728,4.12,3.82,Normal,False
4729,4.94,3.65,Burst,False
4730,1.93,8.34,Silence,True
4731,0.42,9.12,Burst,True
4732,3.22,8.38,Down,False
4733,4.91,5.12,Normal,True
4734,2.58,8.22,Normal,False
4735,0.85,0.15,Normal,False
4736,2.41,5.96,Down,True
4737,0.19,2.24,Burst,False
4738,1.12,7.68,Down,False
4739,0.63,4.67,Down,False
4740,1.71,8.1,Silence,True
4741,0.05,7.48,Normal,True
4742,2.97,8.69,Down,True
4743,0.24,2.23,Silence,True
4744,4.84,4.23,Silence,True
4745,3.84,6.8,Normal,True
4746,0.25,5.9,Silence,False
4747,4.19,9.86,Down,False
4748,5.86,1.74,Burst,True
4749,3.77,6.31,Silence,True
4750,2.15,3.38,Burst,True
4751,1.35,1.56,Silence,False
4752,1.52,3.68,Silence,False
4753,3.03,2.55,Silence,True
4754,5.86,5.67,Down,False
4755,4.32,6.65,Silence,True
4756,4.18,1.08,Normal,False
4757,2.76,5.39,Burst,False
4758,1.33,2.78,Burst,False
4759,5.06,3.42,Down,False
4760,1.92,1.74,Burst,False
4761,1.9,1.33,Down,True
4762,5.34,8.99,Burst,True
4763,0.61,9.77,Silence,True
4764,5.2,4.84,Burst,False
4765,2.05,6.92,Silence,False
4766,4.13,4.54,Down,True
4767,3.95,2.92,Burst,False
4768,5.42,1.36,Silence,True
4769,4.6,9.88,Down,False
4770,1.92,6.16,Normal,True
4771,2.1,5.49,Normal,True
4772,4.18,6.77,Silence,True
4773,4.58,3.57,Normal,True
4774,0.74,1.6,Burst,True
4775,3.07,6.64,Silence,True
4776,0.93,3.05,Burst,False
4777,4.54,3.89,Silence,False
4778,4.49,6.55,Down,False
4779,2.35,5.96,Down,True
4780,3.69,3.19,Silence,False
4781,2.57,7.52,Down,True
4782,2.44,5.92,Silence,False
4783,0.03,4.93,Burst,True
4784,5.25,2.47,Burst,True
4785,1.35,6.52,Down,True
4786,3.82,5.98,Silence,True
4787,4.24,4.79,Silence,True
4788,0.95,8.71,Down,False
4789,4.11,8.19,Down,False
4790,4.73,8.72,Silence,True
4791,4.81,3.13,Normal,False
4792,3.96,0.46,Silence,False
4793,1.78,0.53,Normal,True
4794,5.04,7.21,Normal,False
4795,3.22,9.44,Burst,False
4796,1.39,8.77,Normal,False
4797,3.84,8.58,Normal,False
4798,1.85,0.82,Burst,False
4799,2.62,4.12,Down,True
4800,5.23,6.23,Down,False
4801,0.88,0.46,Silence,False
4802,5.1,4.64,Down,False
4803,2.42,3.68,Down,True
4804,1.95,1.79,Silence,True
4805,1.92,5.68,Normal,False
4806,2.05,5.16,Down,True
4807,4.71,6.44,Normal,False
4808,1.63,4.81,Normal,False
4809,4.36,0.17,Silence,True
4810,2.79,9.49,Burst,True
4811,4.73,8.84,Down,False
4812,4.02,4.39,Normal,True
4813,3.73,9.82,Normal,True
4814,1.14,2.13,Burst,True
4815,0.94,4.56,Burst,True
4816,4.42,2.13,Normal,False
4817,0.99,7.48,Silence,True
4818,4.42,1.89,Down,True
4819,5.41,5.47,Down,False
4820,0.61,3.82,Burst,False
4821,4.61,6.99,Down,True
4822,0.17,8.93,Silence,True
4823,0.2,0.45,Down,False
4824,2.55,0.46,Burst,True
4825,5.11,4.09,Down,False
4826,1.99,9.9,Normal,False
4827,4.0,0.38,Burst,False
4828,4.5,9.21,Normal,False
4829,5.7,7.74,Normal,True
4830,5.41,4.77,Down,True
4831,1.98,7.48,Normal,False
4832,2.14,8.35,Normal,False
4833,1.93,8.58,Normal,True
4834,3.91,7.67,Down,True
4835,3.38,4.1,Silence,False
4836,3.55,0.11,Down,False
4837,1.15,9.5,Down,False
4838,1.91,9.77,Burst,True
4839,0.36,1.75,Down,False
4840,5.92,2.6,Normal,True
4841,3.83,1.44,Silence,False
4842,1.93,0.41,Silence,True
4843,0.76,7.25,Silence,False
4844,3.11,1.08,Silence,True
4845,3.73,9.07,Burst,True
4846,2.4,6.89,Normal,False
4847,2.81,7.35,Silence,False
4848,3.65,9.66,Normal,False
4849,5.53,3.87,Burst,True
4850,1.8,1.19,Silence,False
4851,5.79,2.59,Normal,True
4852,2.96,9.96,Normal,False
4853,5.05,7.82,Silence,True
4854,4.89,8.41,Normal,True
4855,5.41,4.42,Normal,True
4856,0.02,2.68,Normal,False
4857,3.9,2.88,Down,False
4858,0.36,0.73,Normal,False
4859,3.28,5.27,Burst,False
4860,5.84,4.6,Burst,True
4861,3.44,9.08,Down,True
4862,4.59,6.17,Silence,True
4863,0.41,5.86,Burst,False
4864,0.21,6.89,Burst,False
4865,1.67,5.11,Normal,True
4866,5.93,6.42,Down,False
4867,3.07,2.15,Silence,True
4868,2.0,2.81,Burst,False
4869,1.3,9.8,Down,True
4870,3.42,8.16,Down,True
4871,0.3,3.85,Normal,False
4872,0.25,1.59,Normal,False
4873,1.06,9.58,Normal,False
4874,2.53,7.55,Silence,False
4875,1.99,7.96,Normal,False
4876,0.43,0.1,Down,True
4877,3.74,0.64,Burst,False
4878,1.31,4.69,Down,False
4879,2.25,3.76,Burst,False
4880,5.81,5.47,Burst,False
4881,0.08,7.96,Down,True
4882,5.99,7.1,Normal,False
4883,4.49,6.45,Normal,False
4884,0.03,0.06,Burst,False
4885,5.65,6.17,Burst,True
4886,0.22,1.92,Burst,True
4887,5.13,8.17,Normal,False
4888,3.49,4.14,Normal,True
4889,5.59,2.32,Silence,False
4890,4.67,6.23,Silence,False
4891,3.63,2.96,Down,False
4892,3.32,3.61,Normal,True
4893,1.69,2.19,Normal,True
4894,0.86,6.76,Down,False
4895,0.21,7.86,Burst,True
4896,4.05,2.69,Burst,True
4897,4.47,1.53,Down,True
4898,2.97,6.74,Down,False
4899,3.13,2.45,Normal,False
4900,2.55,9.84,Down,True
4901,3.62,9.81,Burst,False
4902,2.76,4.53,Burst,False
4903,1.79,6.18,Silence,False
4904,5.09,9.38,Down,True
4905,5.03,7.56,Down,True
4906,3.46,0.87,Normal,False
4907,0.97,2.91,Burst,False
4908,1.99,0.82,Burst,True
4909,3.37,8.43,Normal,False
4910,0.67,5.84,Normal,False
4911,3.23,2.18,Down,False
4912,5.15,0.42,Silence,True
4913,4.46,7.06,Normal,True
4914,0.31,3.48,Normal,True
4915,3.13,6.57,Silence,False
4916,5.7,7.53,Normal,True
4917,2.37,6.82,Burst,False
4918,0.39,8.24,Silence,False
4919,4.85,1.34,Burst,False
4920,2.5,7.6,Silence,False
4921,1.99,6.23,Burst,True
4922,3.73,5.91,Burst,True
4923,3.52,2.45,Silence,True
4924,4.8,6.75,Down,False
4925,4.34,8.53,Normal,True
4926,0.18,9.6,Normal,True
4927,1.64,0.69,Silence,True
4928,3.89,8.97,Burst,False
4929,0.64,7.35,Silence,True
4930,5.94,5.94,Silence,False
4931,3.05,2.77,Normal,False
4932,1.85,2.01,Burst,False
4933,4.08,1.85,Silence,True
4934,3.63,1.12,Burst,False
4935,0.5,2.44,Burst,True
4936,4.86,2.94,Normal,False
4937,4.29,7.98,Silence,False
4938,3.72,2.25,Normal,False
4939,3.39,7.38,Burst,True
4940,2.54,5.08,Burst,False
4941,0.92,3.4,Burst,False
4942,4.15,8.67,Down,False
4943,5.25,4.04,Burst,True
4944,3.4,3.59,Normal,False
4945,2.49,9.89,Down,False
4946,3.35,6.04,Down,False
4947,5.34,1.44,Down,False
4948,3.32,2.62,Burst,False
4949,2.65,2.73,Silence,True
4950,3.63,0.86,Normal,False
4951,5.78,4.43,Down,False
4952,1.86,1.82,Normal,True
4953,5.49,1.83,Normal,False
4954,2.34,9.36,Normal,True
4955,1.73,2.2,Normal,True
4956,3.38,3.69,Normal,True
4957,0.9,2.97,Burst,True
4958,1.13,9.84,Down,True
4959,5.81,9.16,Burst,False
4960,0.78,7.17,Silence,False
4961,2.04,4.65,Burst,False
4962,1.33,8.32,Silence,False
4963,0.08,6.29,Down,False
4964,3.42,8.25,Normal,True
4965,4.83,3.44,Silence,False
4966,3.64,4.4,Burst,False
4967,4.75,5.07,Normal,True
4968,0.35,8.16,Burst,True
4969,3.03,7.02,Down,False
4970,5.37,6.92,Silence,True
4971,4.03,0.88,Burst,False
4972,2.37,3.66,Normal,False
4973,3.1,4.2,Normal,True
4974,1.62,3.66,Down,True
4975,0.66,4.7,Silence,True
4976,0.93,2.39,Normal,False
4977,0.01,7.75,Normal,True
4978,0.24,8.2,Down,True
4979,2.77,3.87,Silence,False
4980,4.32,1.15,Silence,True
4981,0.88,9.84,Normal,False
4982,4.63,7.55,Silence,False
4983,0.19,5.27,Silence,False
4984,2.55,0.13,Down,True
4985,0.88,8.08,Normal,False
4986,4.96,4.77,Normal,True
4987,2.63,0.78,Normal,True
4988,4.55,7.52,Burst,True
4989,3.77,1.35,Down,True
4990,0.32,1.3,Silence,True
4991,5.14,1.98,Normal,False
4992,2.65,1.05,Down,False
4993,5.24,4.03,Down,True
4994,5.66,1.79,Silence,False
4995,2.24,4.99,Burst,True
4996,3.16,5.48,Burst,True
4997,0.28,5.9,Normal,False
4998,4.21,7.65,Burst,False
4999,2.56,9.92,Silence,False
5000,5.98,0.14,Silence,True
